Date,cloudCover,apparentTemperatureMax,apparentTemperatureMin,temperatureMax,temperatureMin,windSpeed,humidity,visibility
2016-01-01,0.03,32.32,-5.68,32.32,4.44,3.74,0.56,9.84
2016-01-02,0.1,39.01,5.17,39.01,14.0,3.31,0.44,10.0
2016-01-03,0.14,39.55,9.33,41.19,15.58,2.29,0.49,9.99
2016-01-04,0.07,40.44,14.44,40.44,20.09,1.87,0.58,9.97
2016-01-05,0.16,40.06,18.04,42.83,24.05,2.77,0.52,9.87
2016-01-06,0.08,39.57,17.98,41.78,23.32,2.88,0.62,9.99
2016-01-07,0.3,34.26,23.48,34.26,27.7,1.44,0.84,6.1
2016-01-08,0.72,23.63,12.94,29.01,18.05,4.66,0.9,3.82
2016-01-09,0.28,25.89,4.73,25.89,12.07,0.5,0.85,5.62
2016-01-10,0.11,22.86,-1.64,27.34,6.81,2.38,0.74,7.38
2016-01-11,0.11,30.78,4.3,34.7,12.83,2.69,0.57,9.58
2016-01-12,0.09,41.46,9.79,41.46,19.98,3.75,0.43,9.82
2016-01-13,0.09,42.27,17.86,45.47,24.44,5.57,0.48,9.96
2016-01-14,0.16,31.1,19.03,40.41,28.21,12.6,0.35,9.75
2016-01-15,0.23,23.07,14.87,31.35,19.47,2.2,0.6,9.44
2016-01-16,0.17,28.88,4.25,32.42,12.66,3.31,0.63,9.38
2016-01-17,0.16,29.74,9.68,35.25,17.08,4.25,0.68,8.35
2016-01-18,0.15,44.67,15.92,44.67,22.54,2.34,0.54,9.37
2016-01-19,0.2,33.01,21.11,38.45,27.53,0.33,0.71,9.36
2016-01-20,0.13,39.68,20.61,44.39,27.04,8.44,0.49,9.62
2016-01-21,0.16,30.54,17.54,37.45,23.14,4.14,0.52,10.0
2016-01-22,0.13,45.02,17.78,47.63,22.84,3.31,0.59,9.96
2016-01-23,0.05,54.82,27.74,54.82,32.33,2.37,0.49,9.99
2016-01-24,0.18,37.61,22.95,42.88,29.37,2.66,0.61,9.74
2016-01-25,0.21,27.21,16.53,34.74,20.9,4.84,0.75,9.35
2016-01-26,0.16,36.91,7.43,40.01,15.96,4.04,0.61,10.0
2016-01-27,0.14,49.06,17.97,49.62,25.3,2.53,0.53,9.94
2016-01-28,0.12,54.82,23.46,54.82,27.78,4.64,0.52,10.0
2016-01-29,0.11,51.17,31.92,51.17,36.18,7.8,0.37,9.82
2016-01-30,0.12,57.8,23.71,57.8,28.2,1.4,0.6,8.8
2016-01-31,0.32,24.34,14.11,31.26,23.43,3.98,0.84,7.3
2016-02-01,0.57,27.1,9.49,27.1,20.4,4.5,0.91,3.77
2016-02-02,0.31,8.2,2.96,20.87,11.43,10.35,0.84,4.74
2016-02-03,0.17,14.11,-6.65,23.39,4.78,6.25,0.56,9.72
2016-02-04,0.2,27.0,-3.21,27.0,10.36,3.38,0.53,9.67
2016-02-05,0.16,26.74,10.43,32.65,17.14,1.09,0.54,9.99
2016-02-06,0.07,38.81,9.32,44.59,16.59,7.01,0.48,9.83
2016-02-07,0.16,32.43,12.55,39.4,20.23,0.66,0.57,9.72
2016-02-08,0.14,40.73,12.65,40.73,19.05,2.75,0.65,9.77
2016-02-09,0.08,49.78,20.04,49.78,26.0,3.28,0.53,9.93
2016-02-10,0.1,60.83,30.91,60.83,37.58,10.57,0.28,10.0
2016-02-11,0.09,58.0,29.22,58.0,34.14,3.87,0.42,10.0
2016-02-12,0.15,50.64,29.22,50.64,31.86,1.88,0.65,9.85
2016-02-13,0.09,57.93,25.38,57.93,30.54,5.77,0.59,7.12
2016-02-14,0.13,41.47,22.64,46.38,30.13,2.53,0.53,9.7
2016-02-15,0.13,53.42,23.93,53.42,29.62,14.2,0.46,9.63
2016-02-16,0.14,52.94,23.68,52.94,28.39,2.49,0.56,9.83
2016-02-17,0.08,59.88,28.08,59.88,32.53,4.19,0.46,10.0
2016-02-18,0.11,67.68,30.93,67.68,40.93,13.98,0.32,9.87
2016-02-19,0.1,59.76,29.91,59.76,37.81,6.22,0.25,9.97
2016-02-20,0.13,59.18,28.57,59.18,34.2,1.23,0.36,10.0
2016-02-21,0.11,38.58,19.48,43.76,25.22,4.85,0.54,9.91
2016-02-22,0.22,41.48,22.07,45.44,26.32,3.92,0.62,9.1
2016-02-23,0.17,30.31,17.55,37.18,25.06,6.89,0.61,9.1
2016-02-24,0.12,45.0,13.37,46.96,22.25,0.74,0.39,9.86
2016-02-25,0.15,42.5,18.64,44.89,19.99,2.24,0.47,10.0
2016-02-26,0.09,58.5,22.55,58.5,27.5,2.58,0.41,9.95
2016-02-27,0.1,64.14,27.36,64.14,32.28,7.61,0.3,9.97
2016-02-28,0.13,57.82,31.4,57.82,38.57,2.97,0.29,9.96
2016-02-29,0.11,57.76,30.37,57.76,30.37,8.7,0.35,9.86
2016-03-01,0.14,51.68,20.46,51.68,26.94,1.04,0.37,10.0
2016-03-02,0.13,54.96,32.9,54.96,40.41,14.26,0.3,10.0
2016-03-03,0.07,58.26,24.1,58.26,27.94,2.4,0.41,10.0
2016-03-04,0.12,55.59,30.42,55.59,36.65,0.71,0.37,10.0
2016-03-05,0.09,60.28,27.52,60.28,34.05,7.65,0.46,10.0
2016-03-06,0.18,61.9,33.1,61.9,37.28,5.47,0.35,10.0
2016-03-07,0.19,45.17,29.92,49.19,32.82,2.47,0.62,9.77
2016-03-08,0.23,45.16,26.68,45.16,27.15,1.22,0.62,10.0
2016-03-09,0.17,51.48,20.55,51.48,25.33,2.51,0.5,10.0
2016-03-10,0.16,61.67,22.09,61.67,28.39,2.8,0.43,10.0
2016-03-11,0.14,68.44,32.56,68.44,36.65,3.64,0.34,10.0
2016-03-12,0.14,61.08,37.13,61.08,37.13,5.76,0.41,9.94
2016-03-13,0.17,58.88,35.97,58.88,41.0,5.1,0.3,10.0
2016-03-14,0.16,60.39,35.56,60.39,39.28,10.54,0.36,9.99
2016-03-15,0.19,34.63,21.79,43.15,31.48,12.15,0.34,10.0
2016-03-16,0.19,35.98,19.34,44.01,27.64,8.82,0.4,9.95
2016-03-17,0.27,26.18,19.91,32.93,27.3,3.49,0.74,6.74
2016-03-18,0.31,20.56,8.46,26.78,19.26,3.74,0.81,5.32
2016-03-19,0.18,25.99,9.75,31.89,18.84,4.02,0.63,9.05
2016-03-20,0.06,53.1,10.73,53.1,18.25,4.59,0.47,9.99
2016-03-21,0.06,67.83,29.87,67.83,35.59,5.37,0.32,9.93
2016-03-22,0.08,65.44,36.0,65.44,41.61,7.5,0.28,9.95
2016-03-23,0.39,35.07,13.05,43.07,22.04,16.61,0.91,4.09
2016-03-24,0.16,38.35,10.56,42.14,18.4,5.07,0.7,8.63
2016-03-25,0.18,37.7,25.9,42.34,30.38,1.5,0.63,9.29
2016-03-26,0.29,25.94,13.96,31.22,23.26,1.84,0.79,8.32
2016-03-27,0.13,44.35,12.25,48.43,20.3,6.69,0.52,10.0
2016-03-28,0.13,57.87,26.86,57.87,31.51,4.82,0.46,9.98
2016-03-29,0.17,54.31,32.57,54.31,37.48,3.98,0.64,9.95
2016-03-30,0.25,39.35,20.45,44.43,29.78,7.37,0.79,8.65
2016-03-31,0.25,31.12,19.87,38.97,26.95,1.95,0.73,9.16
2016-04-01,0.18,44.16,19.69,47.92,23.99,1.89,0.52,10.0
2016-04-02,0.15,60.88,26.47,60.88,32.86,4.21,0.38,10.0
2016-04-03,0.12,66.7,34.07,66.7,37.93,2.8,0.34,10.0
2016-04-04,0.14,67.44,38.38,67.44,41.22,2.93,0.38,10.0
2016-04-05,0.15,59.47,35.62,59.47,41.45,11.36,0.35,9.91
2016-04-06,0.14,68.15,31.75,68.15,38.25,11.38,0.24,10.0
2016-04-07,0.16,61.79,38.75,61.79,38.75,3.12,0.4,9.99
2016-04-08,0.07,61.08,32.43,61.08,36.14,2.08,0.49,10.0
2016-04-09,0.16,68.9,37.98,68.9,39.7,3.87,0.43,9.99
2016-04-10,0.22,62.29,32.81,62.29,38.3,2.99,0.5,9.88
2016-04-11,0.48,54.45,34.33,54.45,37.33,2.62,0.77,9.75
2016-04-12,0.18,65.44,33.71,65.44,37.2,2.19,0.58,9.77
2016-04-13,0.18,68.41,37.92,68.41,40.3,4.09,0.48,10.0
2016-04-14,0.14,72.51,43.1,72.51,44.61,6.47,0.38,10.0
2016-04-15,0.29,53.38,26.51,53.38,35.77,5.03,0.6,9.89
2016-04-16,0.29,25.65,18.31,34.34,31.31,14.55,0.96,2.06
2016-04-17,0.62,28.15,19.55,34.71,30.14,10.4,0.89,5.27
2016-04-18,0.38,37.14,25.74,39.68,30.16,1.18,0.75,9.88
2016-04-19,0.21,41.76,26.78,44.28,32.46,3.93,0.75,9.15
2016-04-20,0.19,51.78,30.56,51.78,34.54,1.65,0.69,9.88
2016-04-21,0.11,60.4,34.03,60.4,37.42,0.59,0.57,9.96
2016-04-22,0.09,73.39,35.99,73.39,40.29,5.82,0.46,9.76
2016-04-23,0.1,72.14,44.42,72.14,48.26,10.22,0.4,9.54
2016-04-24,0.12,61.32,39.1,61.32,43.39,9.3,0.34,9.78
2016-04-25,0.15,64.81,35.89,64.81,39.74,6.6,0.52,9.98
2016-04-26,0.25,44.69,25.8,47.09,33.29,7.75,0.69,9.65
2016-04-27,0.27,50.56,24.85,50.56,29.3,4.98,0.66,9.52
2016-04-28,0.83,31.59,26.45,36.6,33.99,6.85,0.8,8.37
2016-04-29,0.81,28.46,26.31,34.43,30.94,3.41,0.95,3.28
2016-04-30,0.44,22.97,20.9,33.92,30.43,12.46,0.91,4.52
2016-05-01,0.53,37.45,22.35,37.45,30.9,6.17,0.83,7.94
2016-05-02,0.12,55.4,23.26,55.4,25.87,1.52,0.58,9.69
2016-05-03,0.14,62.58,32.65,62.58,37.36,6.7,0.46,9.8
2016-05-04,0.07,70.06,37.03,70.06,39.19,1.82,0.44,9.88
2016-05-05,0.06,76.06,41.94,76.06,44.45,2.92,0.4,10.0
2016-05-06,0.14,73.37,47.85,73.37,49.15,2.43,0.45,9.94
2016-05-07,0.27,55.05,35.9,55.05,38.44,9.49,0.8,9.05
2016-05-08,0.18,57.69,32.49,57.69,35.2,1.45,0.69,9.61
2016-05-09,0.21,61.57,34.92,61.57,39.76,5.19,0.58,9.82
2016-05-10,0.26,59.87,42.4,59.87,43.44,3.38,0.65,9.83
2016-05-11,0.24,54.45,33.27,54.45,36.81,3.17,0.65,9.89
2016-05-12,0.1,67.72,32.57,67.72,35.84,1.94,0.52,9.81
2016-05-13,0.12,64.8,44.23,64.8,46.91,2.98,0.47,9.96
2016-05-14,0.35,50.31,38.11,50.31,40.57,3.42,0.75,9.44
2016-05-15,0.32,53.97,37.36,53.97,39.1,2.47,0.74,9.44
2016-05-16,0.47,44.73,31.87,44.73,36.65,5.93,0.94,4.93
2016-05-17,0.56,44.16,31.07,45.68,36.08,3.42,0.87,8.57
2016-05-18,0.21,60.64,33.91,60.64,39.17,5.55,0.71,9.02
2016-05-19,0.15,69.35,39.28,69.35,41.18,3.78,0.53,9.8
2016-05-20,0.1,73.77,44.81,73.77,47.23,5.79,0.47,9.99
2016-05-21,0.1,77.51,49.79,77.51,49.79,5.64,0.51,9.89
2016-05-22,0.17,70.83,48.85,70.83,48.85,1.37,0.49,9.94
2016-05-23,0.14,62.94,38.19,62.94,42.29,5.14,0.58,9.94
2016-05-24,0.19,67.08,39.83,67.08,41.94,2.6,0.66,9.97
2016-05-25,0.13,68.61,42.71,68.61,44.24,2.26,0.55,9.91
2016-05-26,0.22,61.39,41.67,61.39,44.42,1.7,0.72,9.5
2016-05-27,0.29,53.4,39.87,53.4,43.83,7.36,0.76,9.13
2016-05-28,0.19,65.65,38.57,65.65,40.33,2.25,0.59,9.84
2016-05-29,0.15,71.09,41.48,71.09,44.1,1.87,0.55,9.97
2016-05-30,0.15,72.34,42.26,72.34,44.78,1.73,0.53,9.98
2016-05-31,0.28,61.81,42.89,61.81,46.43,4.0,0.69,9.79
2016-06-01,0.32,69.4,46.81,69.4,47.71,3.06,0.7,9.51
2016-06-02,0.15,77.25,47.31,77.25,49.39,1.44,0.54,9.99
2016-06-03,0.12,74.6,56.12,74.6,56.12,1.6,0.46,9.99
2016-06-04,0.2,75.5,53.41,75.5,53.41,3.41,0.51,9.96
2016-06-05,0.16,79.05,51.03,80.16,51.03,0.93,0.49,10.0
2016-06-06,0.14,79.84,54.35,79.84,54.35,1.12,0.57,9.92
2016-06-07,0.11,75.97,52.49,75.97,52.49,2.32,0.64,9.98
2016-06-08,0.15,79.94,54.54,79.94,54.54,2.52,0.49,9.99
2016-06-09,0.15,81.84,55.48,84.33,55.48,1.65,0.44,10.0
2016-06-10,0.11,84.31,58.19,87.52,58.19,4.37,0.38,9.98
2016-06-11,0.16,83.55,57.13,86.81,57.13,3.82,0.41,10.0
2016-06-12,0.15,79.7,57.83,80.86,57.83,1.78,0.57,9.96
2016-06-13,0.23,69.1,53.49,69.1,53.49,0.73,0.76,9.52
2016-06-14,0.17,77.15,47.38,77.15,49.61,4.19,0.48,9.94
2016-06-15,0.12,82.36,51.98,85.43,51.98,4.15,0.39,9.96
2016-06-16,0.06,83.99,57.26,87.67,57.26,2.33,0.3,9.83
2016-06-17,0.11,80.88,57.8,82.41,57.8,2.56,0.39,9.98
2016-06-18,0.15,84.62,58.51,87.31,58.51,6.29,0.48,10.0
2016-06-19,0.14,89.05,61.32,93.29,61.32,1.89,0.4,9.96
2016-06-20,0.18,71.27,61.44,71.27,61.44,1.69,0.62,9.89
2016-06-21,0.08,90.43,58.32,94.39,58.32,3.5,0.48,9.78
2016-06-22,0.13,75.13,65.39,75.13,65.39,1.13,0.42,9.93
2016-06-23,0.13,82.41,59.28,84.86,59.28,1.92,0.48,9.93
2016-06-24,0.15,82.36,58.39,84.91,58.39,3.46,0.47,9.96
2016-06-25,0.11,79.23,61.04,79.23,61.04,2.88,0.46,9.97
2016-06-26,0.13,83.54,54.77,86.6,54.77,2.61,0.47,9.93
2016-06-27,0.16,83.78,58.44,87.06,58.44,1.44,0.43,9.94
2016-06-28,0.17,84.02,57.63,87.29,57.63,2.74,0.57,9.72
2016-06-29,0.14,81.23,54.01,83.49,54.01,1.5,0.58,9.85
2016-06-30,0.18,72.62,58.17,72.62,58.17,2.27,0.67,9.66
2016-07-01,0.31,71.33,57.24,71.33,57.24,1.59,0.79,9.27
2016-07-02,0.28,71.86,58.21,71.86,58.21,1.67,0.73,9.33
2016-07-03,0.11,80.0,56.02,81.75,56.02,2.66,0.51,9.66
2016-07-04,0.16,83.05,60.11,86.23,60.11,4.94,0.36,9.96
2016-07-05,0.07,80.69,59.84,82.8,59.84,1.46,0.41,9.94
2016-07-06,0.14,85.33,56.16,89.27,56.16,3.94,0.39,9.94
2016-07-07,0.17,81.84,59.0,84.58,59.0,1.46,0.33,9.95
2016-07-08,0.16,82.81,59.23,85.77,59.23,4.93,0.49,9.91
2016-07-09,0.17,88.16,57.96,92.77,57.96,3.52,0.35,9.9
2016-07-10,0.16,90.44,65.99,95.75,65.99,5.78,0.27,9.98
2016-07-11,0.14,80.63,60.16,83.22,60.16,3.24,0.3,9.96
2016-07-12,0.15,82.98,55.21,86.31,55.21,4.39,0.35,9.95
2016-07-13,0.14,82.77,57.71,86.15,57.71,2.15,0.29,9.89
2016-07-14,0.15,79.97,56.25,81.62,56.25,2.85,0.42,9.9
2016-07-15,0.14,80.65,58.7,82.88,58.7,1.69,0.53,9.85
2016-07-16,0.11,85.92,56.11,89.67,56.11,0.77,0.53,9.74
2016-07-17,0.14,83.19,58.62,86.04,58.62,2.68,0.47,9.86
2016-07-18,0.11,83.18,59.47,85.25,59.47,1.87,0.6,9.8
2016-07-19,0.15,84.5,63.2,87.36,63.2,1.41,0.54,9.84
2016-07-20,0.16,85.04,60.94,88.37,60.94,2.86,0.46,9.92
2016-07-21,0.15,86.66,61.6,90.6,61.6,2.89,0.39,9.93
2016-07-22,0.15,86.09,65.01,89.38,65.01,3.41,0.37,9.94
2016-07-23,0.15,88.54,62.56,92.77,62.56,1.95,0.35,9.97
2016-07-24,0.15,84.71,61.88,88.08,61.88,1.83,0.46,9.94
2016-07-25,0.15,84.43,55.6,87.02,55.6,2.83,0.52,9.91
2016-07-26,0.1,83.04,61.89,86.33,61.89,3.35,0.35,9.88
2016-07-27,0.15,84.84,58.47,88.13,58.47,2.16,0.44,9.88
2016-07-28,0.21,79.52,58.21,79.52,58.21,4.42,0.6,9.82
2016-07-29,0.23,81.19,59.24,82.6,59.24,3.29,0.61,9.83
2016-07-30,0.15,84.62,59.42,87.96,59.42,0.54,0.54,9.86
2016-07-31,0.16,85.94,62.1,89.83,62.1,2.01,0.4,9.92
2016-08-01,0.16,87.21,61.81,91.9,61.81,2.03,0.34,9.93
2016-08-02,0.16,85.68,61.5,89.3,61.5,1.86,0.37,9.89
2016-08-03,0.16,87.16,60.1,90.93,60.1,3.9,0.46,9.88
2016-08-04,0.2,71.52,59.57,71.52,59.57,5.04,0.44,9.87
2016-08-05,0.36,71.25,57.59,71.25,57.59,2.43,0.57,9.63
2016-08-06,0.27,77.07,59.35,77.07,59.35,1.92,0.69,9.61
2016-08-07,0.15,81.93,57.61,84.1,57.61,2.34,0.59,8.74
2016-08-08,0.12,82.23,61.48,85.02,61.48,4.37,0.45,9.78
2016-08-09,0.12,85.75,58.58,89.76,58.58,3.41,0.38,9.87
2016-08-10,0.16,84.02,59.01,87.52,59.01,2.99,0.4,9.88
2016-08-11,0.15,81.63,61.19,84.5,61.19,2.22,0.42,9.88
2016-08-12,0.16,78.43,52.04,78.43,52.04,2.12,0.48,9.84
2016-08-13,0.16,80.66,54.24,83.38,54.24,0.91,0.37,9.86
2016-08-14,0.14,82.33,54.58,85.56,54.58,5.14,0.38,9.89
2016-08-15,0.12,82.99,58.02,86.43,58.02,1.6,0.3,9.88
2016-08-16,0.14,80.05,53.4,81.99,53.4,2.36,0.42,9.86
2016-08-17,0.11,82.06,56.44,85.04,56.44,2.31,0.39,9.9
2016-08-18,0.2,79.26,55.91,80.92,55.91,5.21,0.44,9.89
2016-08-19,0.3,74.73,45.56,74.73,48.57,6.99,0.73,9.57
2016-08-20,0.25,72.62,46.46,72.62,46.46,1.01,0.57,9.9
2016-08-21,0.09,82.42,49.8,85.68,49.8,3.85,0.45,9.87
2016-08-22,0.1,82.13,57.08,85.3,57.08,1.61,0.34,9.88
2016-08-23,0.15,78.72,58.6,80.38,58.6,5.58,0.33,9.81
2016-08-24,0.31,63.52,52.11,63.52,52.11,3.34,0.59,9.62
2016-08-25,0.15,67.63,46.48,67.63,46.61,0.33,0.71,9.37
2016-08-26,0.18,73.87,51.92,73.87,51.92,0.36,0.6,9.62
2016-08-27,0.17,79.99,48.53,79.99,48.53,2.11,0.48,9.89
2016-08-28,0.18,79.23,57.59,81.04,57.59,0.95,0.4,9.81
2016-08-29,0.15,75.84,57.23,75.84,57.23,3.99,0.53,9.76
2016-08-30,0.17,76.41,52.67,76.41,52.67,1.39,0.56,9.76
2016-08-31,0.2,76.61,51.92,76.61,51.92,1.66,0.67,9.47
2016-09-01,0.18,79.76,54.36,80.07,54.36,5.2,0.64,9.29
2016-09-02,0.15,79.77,59.5,79.77,59.5,2.01,0.55,9.74
2016-09-03,0.17,79.56,56.57,81.37,56.57,2.47,0.5,9.76
2016-09-04,0.15,79.63,53.76,81.24,53.76,3.03,0.52,9.84
2016-09-05,0.12,84.08,50.98,87.79,50.98,2.33,0.46,9.83
2016-09-06,0.19,76.8,57.32,76.8,57.32,2.38,0.64,9.86
2016-09-07,0.12,79.85,55.25,82.18,55.25,0.68,0.54,9.22
2016-09-08,0.12,81.7,51.24,84.88,51.24,1.62,0.36,9.83
2016-09-09,0.14,71.38,46.5,71.38,47.23,6.26,0.41,9.82
2016-09-10,0.07,78.04,36.17,78.04,39.83,4.5,0.47,9.98
2016-09-11,0.09,82.53,52.62,86.29,52.62,4.68,0.26,9.93
2016-09-12,0.19,68.63,51.99,68.63,51.99,3.52,0.4,9.68
2016-09-13,0.34,59.47,44.54,59.47,47.2,3.08,0.8,8.84
2016-09-14,0.22,73.91,44.52,73.91,47.47,3.03,0.67,9.67
2016-09-15,0.17,72.01,47.03,72.01,47.03,2.31,0.58,9.92
2016-09-16,0.18,69.0,39.06,69.0,42.21,2.1,0.52,9.95
2016-09-17,0.18,75.2,43.81,75.2,46.42,1.13,0.45,9.93
2016-09-18,0.13,81.8,51.62,84.9,51.62,4.14,0.27,9.92
2016-09-19,0.14,82.72,54.34,86.12,54.34,3.8,0.27,9.89
2016-09-20,0.07,81.52,58.22,84.55,58.22,2.69,0.26,9.88
2016-09-21,0.15,78.6,59.92,78.6,59.92,2.48,0.32,9.91
2016-09-22,0.23,71.27,52.43,71.27,52.43,2.45,0.65,9.37
2016-09-23,0.19,79.34,53.23,81.28,53.23,6.99,0.51,9.17
2016-09-24,0.21,64.02,37.27,64.02,41.04,5.01,0.42,9.9
2016-09-25,0.14,64.34,40.63,64.34,42.77,2.4,0.45,10.0
2016-09-26,0.06,72.62,38.32,72.62,41.41,1.47,0.4,9.96
2016-09-27,0.08,78.48,44.63,78.48,45.64,1.11,0.35,9.91
2016-09-28,0.1,78.25,46.69,78.25,47.54,2.07,0.33,9.96
2016-09-29,0.16,78.99,47.19,78.99,48.41,2.43,0.4,9.89
2016-09-30,0.21,69.14,53.7,69.14,53.7,2.75,0.51,9.69
2016-10-01,0.17,75.45,46.92,75.45,48.26,2.38,0.51,9.89
2016-10-02,0.17,75.93,50.11,75.93,50.11,4.86,0.46,9.85
2016-10-03,0.14,75.32,50.73,75.32,50.73,9.79,0.38,9.8
2016-10-04,0.16,58.38,37.41,58.38,41.68,9.71,0.28,9.78
2016-10-05,0.16,60.75,31.78,60.75,36.97,1.15,0.31,9.95
2016-10-06,0.28,50.2,31.47,50.2,35.28,3.72,0.7,9.38
2016-10-07,0.07,62.94,27.73,62.94,32.59,3.08,0.56,9.35
2016-10-08,0.1,70.15,37.3,70.15,38.11,3.03,0.37,10.0
2016-10-09,0.1,70.55,39.91,70.55,41.78,1.62,0.39,9.97
2016-10-10,0.14,73.2,43.6,73.2,46.41,5.79,0.35,9.93
2016-10-11,0.21,70.1,45.32,70.1,48.0,4.19,0.39,9.72
2016-10-12,0.23,41.57,31.25,45.03,35.27,2.02,0.88,6.88
2016-10-13,0.1,72.41,35.02,72.41,38.32,3.2,0.5,9.49
2016-10-14,0.09,77.75,47.04,77.75,49.13,5.68,0.31,9.86
2016-10-15,0.13,79.66,53.89,79.66,53.89,2.76,0.24,9.95
2016-10-16,0.14,78.82,47.01,80.89,49.46,4.96,0.29,9.87
2016-10-17,0.15,72.9,38.8,72.9,42.71,5.5,0.43,9.86
2016-10-18,0.19,60.04,32.81,60.04,37.83,4.06,0.42,9.89
2016-10-19,0.22,53.98,34.29,53.98,36.32,5.51,0.53,9.73
2016-10-20,0.11,57.71,22.51,57.71,27.24,2.19,0.49,9.96
2016-10-21,0.11,73.22,34.6,73.22,37.42,2.71,0.28,9.95
2016-10-22,0.13,76.76,37.45,76.76,40.4,4.71,0.24,9.85
2016-10-23,0.1,68.57,38.4,68.57,41.21,1.44,0.32,9.83
2016-10-24,0.09,74.09,41.21,74.09,43.31,2.82,0.35,9.86
2016-10-25,0.15,67.13,47.49,67.13,47.55,5.58,0.39,9.54
2016-10-26,0.12,69.08,39.66,69.08,39.66,3.69,0.43,9.73
2016-10-27,0.12,79.47,40.76,79.47,43.04,4.33,0.3,9.87
2016-10-28,0.06,75.7,55.08,75.7,55.08,5.52,0.25,9.91
2016-10-29,0.16,70.99,47.75,70.99,48.34,4.22,0.38,9.86
2016-10-30,0.12,68.2,40.2,68.2,42.55,3.91,0.6,8.43
2016-10-31,0.11,73.91,50.13,73.91,50.13,4.87,0.3,9.94
2016-11-01,0.11,62.45,40.31,62.45,44.62,3.79,0.41,9.88
2016-11-02,0.17,57.51,36.46,57.51,41.1,3.22,0.55,9.79
2016-11-03,0.02,65.34,32.49,65.34,35.35,1.7,0.46,9.89
2016-11-04,0.12,66.18,34.08,66.18,36.93,4.48,0.39,9.91
2016-11-05,0.15,61.54,39.39,61.54,39.39,2.59,0.47,9.69
2016-11-06,0.15,63.7,35.89,63.7,38.3,1.53,0.52,9.84
2016-11-07,0.14,59.22,35.38,59.22,37.89,1.97,0.41,9.99
2016-11-08,0.08,60.75,31.27,60.75,32.16,1.45,0.44,9.92
2016-11-09,0.03,68.08,32.38,68.08,35.33,2.19,0.36,9.97
2016-11-10,0.13,64.35,38.67,64.35,39.18,3.49,0.35,9.98
2016-11-11,0.24,56.95,25.79,56.95,31.45,4.78,0.53,10.0
2016-11-12,0.11,64.21,29.42,64.21,33.8,3.01,0.45,9.98
2016-11-13,0.14,60.14,35.54,60.14,38.17,4.95,0.38,9.91
2016-11-14,0.13,68.21,32.72,68.21,35.87,5.32,0.34,9.91
2016-11-15,0.1,72.68,46.46,72.68,48.83,4.02,0.24,9.97
2016-11-16,0.09,73.72,38.25,73.72,41.37,7.58,0.21,9.97
2016-11-17,0.23,36.23,11.95,39.28,21.85,7.58,0.79,6.58
2016-11-18,0.15,28.4,10.82,32.23,16.07,0.68,0.72,9.8
2016-11-19,0.09,44.8,13.81,44.8,20.99,3.55,0.68,9.97
2016-11-20,0.05,63.1,37.54,63.1,41.09,3.01,0.4,9.98
2016-11-21,0.05,60.6,36.67,60.6,40.75,1.72,0.49,9.85
2016-11-22,0.22,36.22,24.15,41.2,30.29,9.13,0.79,8.79
2016-11-23,0.12,45.35,18.44,45.35,25.14,3.04,0.72,9.94
2016-11-24,0.09,40.91,20.62,44.24,27.54,5.38,0.46,9.78
2016-11-25,0.1,57.18,17.18,57.18,23.99,4.97,0.4,10.0
2016-11-26,0.1,56.25,26.62,56.25,32.01,4.6,0.26,10.0
2016-11-27,0.13,38.14,27.28,45.08,31.41,8.51,0.38,9.6
2016-11-28,0.14,31.85,21.17,39.97,25.29,8.29,0.35,9.58
2016-11-29,0.13,26.13,14.67,35.13,21.49,5.99,0.44,9.8
2016-11-30,0.14,30.81,8.03,35.5,14.52,1.47,0.43,9.86
2016-12-01,0.16,36.75,13.35,36.75,17.87,0.71,0.44,9.99
2016-12-02,0.28,21.46,11.35,28.99,18.71,2.44,0.69,9.22
2016-12-03,0.17,30.93,9.38,36.77,16.1,3.41,0.62,9.58
2016-12-04,0.12,47.4,11.25,47.4,17.98,3.63,0.4,9.94
2016-12-05,0.18,40.9,11.45,47.76,18.14,8.46,0.36,9.58
2016-12-06,0.24,16.82,-0.74,26.29,10.45,5.75,0.51,8.48
2016-12-07,0.26,9.02,-8.48,15.25,-1.11,4.04,0.81,6.58
2016-12-08,0.16,14.82,-11.91,14.82,-1.48,2.89,0.78,9.33
2016-12-09,0.16,38.95,-2.59,42.49,7.17,2.05,0.71,9.24
2016-12-10,0.08,50.13,13.7,50.13,20.55,4.94,0.62,8.66
2016-12-11,0.24,37.35,19.11,37.35,25.02,2.15,0.8,8.81
2016-12-12,0.18,41.2,14.38,41.2,22.08,2.45,0.69,9.1
2016-12-13,0.13,35.68,13.43,41.43,21.48,3.25,0.48,9.78
2016-12-14,0.17,26.02,4.36,26.02,14.21,1.18,0.64,9.46
2016-12-15,0.07,57.06,8.24,57.06,16.45,6.02,0.51,9.78
2016-12-16,0.17,40.78,-2.79,45.57,8.77,1.91,0.61,8.13
2016-12-17,0.18,-8.92,-16.0,5.49,-7.22,3.5,0.7,6.72
2016-12-18,0.07,15.15,-17.45,19.64,-6.22,2.15,0.62,9.71
2016-12-19,0.08,33.73,-0.39,38.3,7.56,6.45,0.45,9.8
2016-12-20,0.04,50.55,28.82,50.55,36.46,9.07,0.37,10.0
2016-12-21,0.15,39.55,23.27,45.89,29.17,1.51,0.48,9.91
2016-12-22,0.15,36.46,18.5,36.46,25.26,2.22,0.7,9.68
2016-12-23,0.11,45.91,20.39,48.91,26.47,2.9,0.61,9.75
2016-12-24,0.11,50.96,23.21,50.96,28.94,5.24,0.55,9.91
2016-12-25,0.2,24.63,15.43,36.86,25.29,8.17,0.62,9.32
2016-12-26,0.12,32.58,10.82,38.04,17.17,5.16,0.5,9.9
2016-12-27,0.12,40.24,10.65,45.71,19.62,5.47,0.43,9.9
2016-12-28,0.13,39.19,19.06,44.18,24.06,7.35,0.43,9.68
2016-12-29,0.01,39.42,14.63,41.78,18.88,2.02,0.56,10.0
2016-12-30,0.04,58.13,15.21,58.13,21.08,7.49,0.39,10.0
2016-12-31,0.11,41.49,15.26,42.84,20.96,2.0,0.54,9.86
