,Date,Hour,apparentTemperature,cloudCover,humidity,temperature,time,visibility,windSpeed
Row,,,,,,,,,
Row,11/1/2016,0.0,46.34,0.12,0.48,47.75,1477980000.0,10.0,3.91
Row,11/1/2016,1.0,44.95,0.07,0.51,46.32,1477983600.0,10.0,3.6
Row,11/1/2016,2.0,43.39,0.07,0.53,46.03,1477987200.0,9.84,5.25
Row,11/1/2016,3.0,41.5,0.11,0.54,44.85,1477990800.0,9.77,6.06
Row,11/1/2016,4.0,42.74,0.0,0.51,46.24,1477994400.0,10.0,6.85
Row,11/1/2016,5.0,42.65,0.02,0.51,46.31,1477998000.0,9.84,7.18
Row,11/1/2016,6.0,41.82,0.12,0.53,45.31,1478001600.0,10.0,6.46
Row,11/1/2016,7.0,42.45,0.07,0.53,44.63,1478005200.0,9.84,4.27
Row,11/1/2016,8.0,40.31,0.0,0.54,44.62,1478008800.0,9.78,7.79
Row,11/1/2016,9.0,45.91,0.12,0.47,48.78,1478012400.0,9.81,6.59
Row,11/1/2016,10.0,52.88,0.06,0.38,52.88,1478016000.0,10.0,7.01
Row,11/1/2016,11.0,55.6,0.0,0.33,55.6,1478019600.0,9.84,9.86
Row,11/1/2016,12.0,58.74,0.12,0.3,58.74,1478023200.0,9.81,13.19
Row,11/1/2016,13.0,60.61,0.05,0.28,60.61,1478026800.0,9.84,9.05
Row,11/1/2016,14.0,62.04,0.03,0.27,62.04,1478030400.0,10.0,7.96
Row,11/1/2016,15.0,62.45,0.15,0.26,62.45,1478034000.0,10.0,7.96
Row,11/1/2016,16.0,62.3,0.13,0.27,62.3,1478037600.0,10.0,6.96
Row,11/1/2016,17.0,60.58,0.12,0.28,60.58,1478041200.0,10.0,4.1
Row,11/1/2016,18.0,55.92,0.31,0.32,55.92,1478044800.0,10.0,2.83
Row,11/1/2016,19.0,54.44,0.17,0.34,54.44,1478048400.0,10.0,1.12
Row,11/1/2016,20.0,52.74,0.2,0.37,52.74,1478052000.0,10.0,7.56
Row,11/1/2016,21.0,46.08,0.29,0.4,49.63,1478055600.0,9.56,8.6
Row,11/1/2016,22.0,45.52,0.15,0.43,49.57,1478059200.0,9.57,9.95
Row,11/1/2016,23.0,42.91,0.16,0.46,48.08,1478062800.0,9.6,12.3
Row,11/10/2016,0.0,39.95,0.0,0.41,41.76,1478761200.0,10.0,3.37
Row,11/10/2016,1.0,39.55,0.0,0.4,41.98,1478764800.0,10.0,4.07
Row,11/10/2016,2.0,39.85,0.0,0.41,41.88,1478768400.0,10.0,3.61
Row,11/10/2016,3.0,40.16,0.0,0.39,41.93,1478772000.0,10.0,3.35
Row,11/10/2016,4.0,38.67,0.0,0.42,40.29,1478775600.0,10.0,3.01
Row,11/10/2016,5.0,40.45,0.0,0.41,40.45,1478779200.0,10.0,2.63
Row,11/10/2016,6.0,39.18,0.04,0.42,39.18,1478782800.0,10.0,1.75
Row,11/10/2016,7.0,41.3,0.07,0.39,41.3,1478786400.0,9.73,2.73
Row,11/10/2016,8.0,49.48,0.07,0.3,49.48,1478790000.0,10.0,2.77
Row,11/10/2016,9.0,55.31,0.0,0.26,55.31,1478793600.0,10.0,2.19
Row,11/10/2016,10.0,60.35,0.0,0.22,60.35,1478797200.0,10.0,7.12
Row,11/10/2016,11.0,62.81,0.0,0.25,62.81,1478800800.0,10.0,11.25
Row,11/10/2016,12.0,63.92,0.0,0.25,63.92,1478804400.0,10.0,11.62
Row,11/10/2016,13.0,64.35,0.03,0.25,64.35,1478808000.0,10.0,12.57
Row,11/10/2016,14.0,64.06,0.12,0.26,64.06,1478811600.0,10.0,11.06
Row,11/10/2016,15.0,62.63,0.21,0.27,62.63,1478815200.0,10.0,11.04
Row,11/10/2016,16.0,62.52,0.31,0.26,62.52,1478818800.0,10.0,11.61
Row,11/10/2016,17.0,54.99,0.31,0.33,54.99,1478822400.0,10.0,8.33
Row,11/10/2016,18.0,51.06,0.31,0.36,51.06,1478826000.0,10.0,5.76
Row,11/10/2016,19.0,44.41,0.31,0.38,47.49,1478829600.0,10.0,6.51
Row,11/10/2016,20.0,41.5,0.31,0.41,45.24,1478833200.0,10.0,6.91
Row,11/10/2016,21.0,44.08,0.31,0.44,44.08,1478836800.0,9.87,2.92
Row,11/10/2016,22.0,42.1,0.31,0.48,42.1,1478840400.0,10.0,1.52
Row,11/10/2016,23.0,42.13,0.31,0.49,42.13,1478844000.0,10.0,2.51
Row,11/11/2016,0.0,37.81,0.31,0.53,40.55,1478847600.0,10.0,4.15
Row,11/11/2016,1.0,39.05,0.31,0.56,39.05,1478851200.0,10.0,1.82
Row,11/11/2016,2.0,35.21,0.31,0.63,35.21,1478854800.0,10.0,2.86
Row,11/11/2016,3.0,26.2,0.31,0.69,32.29,1478858400.0,10.0,6.5
Row,11/11/2016,4.0,25.79,0.31,0.73,32.34,1478862000.0,10.0,7.16
Row,11/11/2016,5.0,26.46,0.31,0.75,32.12,1478865600.0,10.0,5.88
Row,11/11/2016,6.0,26.67,0.31,0.76,31.45,1478869200.0,10.0,4.75
Row,11/11/2016,7.0,28.73,0.31,0.77,32.44,1478872800.0,10.0,3.87
Row,11/11/2016,8.0,33.49,0.31,0.7,37.72,1478876400.0,10.0,5.39
Row,11/11/2016,9.0,42.79,0.31,0.53,44.86,1478880000.0,10.0,4.18
Row,11/11/2016,10.0,47.26,0.31,0.46,48.64,1478883600.0,10.0,4.06
Row,11/11/2016,11.0,52.59,0.31,0.41,52.59,1478887200.0,10.0,8.66
Row,11/11/2016,12.0,54.58,0.31,0.35,54.58,1478890800.0,10.0,7.92
Row,11/11/2016,13.0,56.75,0.31,0.32,56.75,1478894400.0,10.0,10.08
Row,11/11/2016,14.0,56.95,0.31,0.3,56.95,1478898000.0,10.0,9.98
Row,11/11/2016,15.0,55.5,0.17,0.32,55.5,1478901600.0,10.0,12.01
Row,11/11/2016,16.0,53.1,0.11,0.34,53.1,1478905200.0,10.0,4.29
Row,11/11/2016,17.0,47.72,0.18,0.39,48.85,1478908800.0,10.0,3.77
Row,11/11/2016,18.0,44.57,0.13,0.45,45.99,1478912400.0,10.0,3.6
Row,11/11/2016,19.0,42.1,0.11,0.49,43.88,1478916000.0,10.0,3.66
Row,11/11/2016,20.0,40.02,0.18,0.5,42.68,1478919600.0,10.0,4.48
Row,11/11/2016,21.0,39.01,0.07,0.53,41.51,1478923200.0,10.0,4.06
Row,11/11/2016,22.0,38.04,0.05,0.53,40.98,1478926800.0,10.0,4.47
Row,11/11/2016,23.0,35.63,0.09,0.56,39.7,1478930400.0,10.0,5.66
Row,11/12/2016,0.0,32.93,0.0,0.58,38.06,1478934000.0,10.0,6.79
Row,11/12/2016,1.0,32.63,0.08,0.58,37.02,1478937600.0,10.0,5.44
Row,11/12/2016,2.0,31.87,0.12,0.63,35.26,1478941200.0,10.0,3.97
Row,11/12/2016,3.0,30.5,0.12,0.62,34.7,1478944800.0,10.0,4.71
Row,11/12/2016,4.0,29.42,0.11,0.65,34.34,1478948400.0,9.84,5.49
Row,11/12/2016,5.0,30.09,0.11,0.65,34.22,1478952000.0,10.0,4.55
Row,11/12/2016,6.0,30.23,0.16,0.66,34.09,1478955600.0,10.0,4.26
Row,11/12/2016,7.0,33.8,0.13,0.68,33.8,1478959200.0,10.0,2.92
Row,11/12/2016,8.0,39.93,0.17,0.57,39.93,1478962800.0,10.0,2.89
Row,11/12/2016,9.0,44.93,0.17,0.42,47.7,1478966400.0,9.84,6.0
Row,11/12/2016,10.0,53.62,0.15,0.33,53.62,1478970000.0,10.0,5.64
Row,11/12/2016,11.0,57.4,0.15,0.28,57.4,1478973600.0,10.0,1.54
Row,11/12/2016,12.0,61.33,0.13,0.24,61.33,1478977200.0,10.0,2.38
Row,11/12/2016,13.0,63.18,0.13,0.22,63.18,1478980800.0,10.0,3.78
Row,11/12/2016,14.0,64.21,0.17,0.21,64.21,1478984400.0,10.0,1.71
Row,11/12/2016,15.0,63.97,0.17,0.21,63.97,1478988000.0,10.0,2.31
Row,11/12/2016,16.0,61.51,0.13,0.23,61.51,1478991600.0,10.0,2.12
Row,11/12/2016,17.0,53.83,0.13,0.31,53.83,1478995200.0,9.93,3.63
Row,11/12/2016,18.0,47.83,0.11,0.38,48.82,1478998800.0,10.0,3.59
Row,11/12/2016,19.0,44.98,0.04,0.41,47.11,1479002400.0,10.0,4.76
Row,11/12/2016,20.0,44.03,0.04,0.44,45.34,1479006000.0,10.0,3.38
Row,11/12/2016,21.0,41.96,0.02,0.46,44.22,1479009600.0,10.0,4.28
Row,11/12/2016,22.0,39.46,0.01,0.49,42.47,1479013200.0,10.0,4.89
Row,11/12/2016,23.0,39.41,0.0,0.49,42.19,1479016800.0,10.0,4.53
Row,11/13/2016,0.0,39.69,0.0,0.49,41.82,1479020400.0,10.0,3.71
Row,11/13/2016,1.0,37.94,0.01,0.5,40.58,1479024000.0,10.0,4.06
Row,11/13/2016,2.0,39.3,0.11,0.47,42.38,1479027600.0,10.0,4.97
Row,11/13/2016,3.0,36.27,0.13,0.49,40.43,1479031200.0,10.0,6.0
Row,11/13/2016,4.0,39.42,0.13,0.47,42.17,1479034800.0,10.0,4.48
Row,11/13/2016,5.0,38.29,0.16,0.48,41.51,1479038400.0,10.0,4.94
Row,11/13/2016,6.0,37.67,0.2,0.49,41.18,1479042000.0,9.86,5.25
Row,11/13/2016,7.0,39.88,0.12,0.48,42.1,1479045600.0,9.59,3.85
Row,11/13/2016,8.0,45.36,0.23,0.39,48.47,1479049200.0,9.51,6.96
Row,11/13/2016,9.0,52.17,0.15,0.35,52.17,1479052800.0,9.49,5.39
Row,11/13/2016,10.0,55.63,0.08,0.3,55.63,1479056400.0,9.59,7.34
Row,11/13/2016,11.0,58.83,0.19,0.27,58.83,1479060000.0,10.0,7.51
Row,11/13/2016,12.0,60.14,0.26,0.25,60.14,1479063600.0,10.0,8.48
Row,11/13/2016,13.0,59.89,0.25,0.25,59.89,1479067200.0,10.0,10.44
Row,11/13/2016,14.0,60.14,0.27,0.24,60.14,1479070800.0,9.79,11.53
Row,11/13/2016,15.0,59.35,0.13,0.23,59.35,1479074400.0,10.0,10.18
Row,11/13/2016,16.0,57.5,0.1,0.25,57.5,1479078000.0,10.0,8.93
Row,11/13/2016,17.0,51.25,0.21,0.3,51.25,1479081600.0,10.0,6.65
Row,11/13/2016,18.0,46.86,0.19,0.32,49.17,1479085200.0,10.0,5.66
Row,11/13/2016,19.0,44.07,0.16,0.35,47.03,1479088800.0,10.0,6.1
Row,11/13/2016,20.0,41.68,0.18,0.4,43.69,1479092400.0,10.0,3.89
Row,11/13/2016,21.0,41.62,0.13,0.44,41.62,1479096000.0,10.0,1.46
Row,11/13/2016,22.0,38.74,0.0,0.48,38.74,1479099600.0,10.0,1.83
Row,11/13/2016,23.0,35.54,0.01,0.5,38.17,1479103200.0,10.0,3.66
Row,11/14/2016,0.0,33.45,0.04,0.51,36.94,1479106800.0,10.0,4.34
Row,11/14/2016,1.0,34.68,0.04,0.5,37.53,1479110400.0,10.0,3.78
Row,11/14/2016,2.0,33.79,0.03,0.5,37.5,1479114000.0,10.0,4.69
Row,11/14/2016,3.0,33.56,0.03,0.51,37.62,1479117600.0,10.0,5.15
Row,11/14/2016,4.0,33.35,0.04,0.51,37.38,1479121200.0,9.84,5.06
Row,11/14/2016,5.0,32.72,0.07,0.53,36.57,1479124800.0,9.73,4.68
Row,11/14/2016,6.0,33.03,0.13,0.54,35.87,1479128400.0,9.7,3.55
Row,11/14/2016,7.0,35.3,0.17,0.51,37.87,1479132000.0,9.73,3.57
Row,11/14/2016,8.0,42.15,0.15,0.4,44.16,1479135600.0,9.66,3.96
Row,11/14/2016,9.0,53.69,0.17,0.27,53.69,1479139200.0,9.88,3.61
Row,11/14/2016,10.0,58.58,0.17,0.24,58.58,1479142800.0,9.71,3.12
Row,11/14/2016,11.0,61.92,0.17,0.22,61.92,1479146400.0,9.88,4.14
Row,11/14/2016,12.0,64.6,0.17,0.21,64.6,1479150000.0,9.75,8.05
Row,11/14/2016,13.0,67.45,0.25,0.17,67.45,1479153600.0,10.0,7.72
Row,11/14/2016,14.0,66.91,0.43,0.18,66.91,1479157200.0,10.0,9.84
Row,11/14/2016,15.0,68.21,0.0,0.18,68.21,1479160800.0,10.0,9.13
Row,11/14/2016,16.0,64.53,0.0,0.2,64.53,1479164400.0,10.0,7.57
Row,11/14/2016,17.0,59.15,0.16,0.25,59.15,1479168000.0,10.0,7.93
Row,11/14/2016,18.0,57.42,0.16,0.27,57.42,1479171600.0,10.0,8.07
Row,11/14/2016,19.0,55.54,0.17,0.29,55.54,1479175200.0,9.97,7.85
Row,11/14/2016,20.0,54.22,0.17,0.3,54.22,1479178800.0,10.0,7.0
Row,11/14/2016,21.0,52.7,0.16,0.32,52.7,1479182400.0,10.0,7.01
Row,11/14/2016,22.0,53.34,0.11,0.31,53.34,1479186000.0,10.0,7.28
Row,11/14/2016,23.0,53.15,0.11,0.31,53.15,1479189600.0,10.0,8.33
Row,11/15/2016,0.0,52.34,0.11,0.32,52.34,1479193200.0,10.0,8.04
Row,11/15/2016,1.0,52.62,0.11,0.32,52.62,1479196800.0,10.0,7.27
Row,11/15/2016,2.0,52.44,0.11,0.33,52.44,1479200400.0,10.0,8.21
Row,11/15/2016,3.0,51.55,0.11,0.33,51.55,1479204000.0,10.0,9.08
Row,11/15/2016,4.0,51.89,0.11,0.33,51.89,1479207600.0,10.0,8.39
Row,11/15/2016,5.0,47.54,0.11,0.35,49.68,1479211200.0,10.0,5.51
Row,11/15/2016,6.0,46.81,0.16,0.33,49.94,1479214800.0,10.0,7.72
Row,11/15/2016,7.0,46.46,0.18,0.36,48.83,1479218400.0,10.0,5.64
Row,11/15/2016,8.0,54.47,0.17,0.28,54.47,1479222000.0,10.0,5.15
Row,11/15/2016,9.0,60.22,0.17,0.23,60.22,1479225600.0,10.0,3.14
Row,11/15/2016,10.0,64.11,0.15,0.19,64.11,1479229200.0,10.0,4.65
Row,11/15/2016,11.0,67.78,0.17,0.16,67.78,1479232800.0,9.91,3.98
Row,11/15/2016,12.0,70.61,0.15,0.13,70.61,1479236400.0,10.0,1.47
Row,11/15/2016,13.0,72.32,0.0,0.12,72.32,1479240000.0,10.0,0.64
Row,11/15/2016,14.0,72.68,0.04,0.12,72.68,1479243600.0,10.0,2.99
Row,11/15/2016,15.0,71.88,0.04,0.12,71.88,1479247200.0,9.82,4.95
Row,11/15/2016,16.0,68.68,0.07,0.13,68.68,1479250800.0,10.0,5.2
Row,11/15/2016,17.0,60.43,0.07,0.17,60.43,1479254400.0,9.84,5.19
Row,11/15/2016,18.0,56.71,0.04,0.21,56.71,1479258000.0,10.0,6.18
Row,11/15/2016,19.0,54.88,0.04,0.23,54.88,1479261600.0,9.74,7.0
Row,11/15/2016,20.0,54.58,0.04,0.22,54.58,1479265200.0,10.0,8.94
Row,11/15/2016,21.0,53.12,0.04,0.25,53.12,1479268800.0,10.0,7.34
Row,11/15/2016,22.0,51.94,0.07,0.26,51.94,1479272400.0,10.0,7.44
Row,11/15/2016,23.0,50.74,0.11,0.27,50.74,1479276000.0,10.0,6.21
Row,11/16/2016,0.0,51.84,0.11,0.24,51.84,1479279600.0,10.0,8.18
Row,11/16/2016,1.0,51.93,0.11,0.24,51.93,1479283200.0,9.84,7.02
Row,11/16/2016,2.0,52.34,0.11,0.23,52.34,1479286800.0,10.0,6.8
Row,11/16/2016,3.0,52.09,0.09,0.23,52.09,1479290400.0,10.0,6.49
Row,11/16/2016,4.0,52.83,0.09,0.22,52.83,1479294000.0,9.97,6.93
Row,11/16/2016,5.0,53.35,0.15,0.22,53.35,1479297600.0,9.82,7.25
Row,11/16/2016,6.0,52.62,0.07,0.22,52.62,1479301200.0,10.0,7.03
Row,11/16/2016,7.0,52.04,0.07,0.23,52.04,1479304800.0,10.0,6.37
Row,11/16/2016,8.0,57.99,0.16,0.19,57.99,1479308400.0,10.0,7.49
Row,11/16/2016,9.0,63.28,0.08,0.16,63.28,1479312000.0,10.0,10.27
Row,11/16/2016,10.0,65.85,0.08,0.15,65.85,1479315600.0,10.0,9.01
Row,11/16/2016,11.0,71.33,0.14,0.13,71.33,1479319200.0,10.0,13.29
Row,11/16/2016,12.0,71.96,0.02,0.13,71.96,1479322800.0,10.0,12.19
Row,11/16/2016,13.0,73.72,0.02,0.12,73.72,1479326400.0,10.0,14.56
Row,11/16/2016,14.0,73.27,0.12,0.13,73.27,1479330000.0,10.0,16.59
Row,11/16/2016,15.0,71.89,0.09,0.13,71.89,1479333600.0,10.0,17.05
Row,11/16/2016,16.0,68.37,0.07,0.13,68.37,1479337200.0,9.7,16.94
Row,11/16/2016,17.0,64.04,0.16,0.15,64.04,1479340800.0,10.0,12.54
Row,11/16/2016,18.0,61.3,0.16,0.17,61.3,1479344400.0,10.0,10.09
Row,11/16/2016,19.0,58.69,0.07,0.2,58.69,1479348000.0,10.0,8.76
Row,11/16/2016,20.0,55.72,0.16,0.23,55.72,1479351600.0,10.0,4.78
Row,11/16/2016,21.0,51.68,0.07,0.29,51.68,1479355200.0,10.0,4.35
Row,11/16/2016,22.0,40.53,0.0,0.41,44.65,1479358800.0,10.0,7.41
Row,11/16/2016,23.0,38.25,0.09,0.47,41.37,1479362400.0,10.0,4.78
Row,11/17/2016,0.0,36.23,0.0,0.53,39.28,1479366000.0,10.0,4.28
Row,11/17/2016,1.0,34.85,0.02,0.58,37.8,1479369600.0,10.0,3.92
Row,11/17/2016,2.0,32.49,0.1,0.63,35.69,1479373200.0,9.84,3.85
Row,11/17/2016,3.0,31.2,0.05,0.67,34.65,1479376800.0,10.0,3.95
Row,11/17/2016,4.0,31.53,0.02,0.7,34.24,1479380400.0,10.0,3.25
Row,11/17/2016,5.0,30.66,0.26,0.72,33.49,1479384000.0,10.0,3.26
Row,11/17/2016,6.0,30.27,0.13,0.69,34.09,1479387600.0,10.0,4.21
Row,11/17/2016,7.0,27.46,0.15,0.7,33.5,1479391200.0,10.0,6.77
Row,11/17/2016,8.0,28.77,0.45,0.71,34.34,1479394800.0,10.0,6.34
Row,11/17/2016,9.0,28.15,0.07,0.72,34.66,1479398400.0,9.74,7.88
Row,11/17/2016,10.0,27.79,0.16,0.73,34.56,1479402000.0,8.82,8.3
Row,11/17/2016,11.0,26.44,0.76,0.75,33.39,1479405600.0,5.15,8.17
Row,11/17/2016,12.0,25.58,0.31,0.86,31.4,1479409200.0,2.13,5.91
Row,11/17/2016,13.0,22.19,0.31,0.93,30.36,1479412800.0,1.5,9.1
Row,11/17/2016,14.0,21.83,0.81,0.92,30.41,1479416400.0,2.45,9.85
Row,11/17/2016,15.0,19.19,0.81,0.93,29.48,1479420000.0,2.7,12.94
Row,11/17/2016,16.0,15.79,0.81,0.92,28.24,1479423600.0,2.56,17.69
Row,11/17/2016,17.0,11.95,0.82,0.93,25.81,1479427200.0,1.56,19.74
Row,11/17/2016,18.0,12.83,0.15,0.92,25.03,1479430800.0,1.87,14.61
Row,11/17/2016,19.0,12.68,0.0,0.91,24.39,1479434400.0,3.11,13.1
Row,11/17/2016,20.0,15.59,0.2,0.92,24.7,1479438000.0,3.66,8.53
Row,11/17/2016,21.0,13.81,0.1,0.9,24.6,1479441600.0,5.41,11.36
Row,11/17/2016,22.0,14.64,0.16,0.88,24.16,1479445200.0,8.79,8.98
Row,11/17/2016,23.0,14.38,0.11,0.89,21.85,1479448800.0,8.6,5.74
Row,11/18/2016,0.0,15.44,0.12,0.8,22.61,1479452400.0,10.0,5.58
Row,11/18/2016,1.0,11.82,0.14,0.84,21.22,1479456000.0,9.55,7.87
Row,11/18/2016,2.0,10.95,0.18,0.8,20.15,1479459600.0,9.45,7.33
Row,11/18/2016,3.0,12.24,0.09,0.8,19.02,1479463200.0,10.0,4.66
Row,11/18/2016,4.0,12.39,0.16,0.81,18.06,1479466800.0,9.25,3.71
Row,11/18/2016,5.0,10.82,0.15,0.8,17.27,1479470400.0,9.21,4.17
Row,11/18/2016,6.0,16.07,0.18,0.82,16.07,1479474000.0,9.49,2.73
Row,11/18/2016,7.0,16.09,0.18,0.82,16.09,1479477600.0,10.0,1.42
Row,11/18/2016,8.0,17.67,0.18,0.84,17.67,1479481200.0,10.0,1.89
Row,11/18/2016,9.0,22.46,0.18,0.75,22.46,1479484800.0,10.0,2.25
Row,11/18/2016,10.0,25.58,0.18,0.66,25.58,1479488400.0,10.0,1.85
Row,11/18/2016,11.0,27.65,0.13,0.63,27.65,1479492000.0,9.6,2.13
Row,11/18/2016,12.0,26.16,0.18,0.6,29.53,1479495600.0,9.6,3.26
Row,11/18/2016,13.0,27.16,0.18,0.58,30.85,1479499200.0,9.61,3.65
Row,11/18/2016,14.0,29.3,0.15,0.54,32.06,1479502800.0,9.59,3.06
Row,11/18/2016,15.0,28.4,0.15,0.52,32.23,1479506400.0,9.79,3.95
Row,11/18/2016,16.0,26.04,0.17,0.54,30.59,1479510000.0,10.0,4.38
Row,11/18/2016,17.0,21.96,0.17,0.65,26.44,1479513600.0,10.0,3.76
Row,11/18/2016,18.0,18.66,0.14,0.71,24.61,1479517200.0,10.0,4.75
Row,11/18/2016,19.0,16.39,0.15,0.77,22.06,1479520800.0,10.0,4.15
Row,11/18/2016,20.0,15.83,0.17,0.77,22.5,1479524400.0,10.0,5.08
Row,11/18/2016,21.0,14.64,0.17,0.75,23.28,1479528000.0,10.0,7.44
Row,11/18/2016,22.0,14.55,0.11,0.77,23.22,1479531600.0,10.0,7.47
Row,11/18/2016,23.0,15.68,0.11,0.76,22.68,1479535200.0,10.0,5.42
Row,11/19/2016,0.0,14.81,0.08,0.78,22.7,1479538800.0,9.88,6.38
Row,11/19/2016,1.0,15.99,0.12,0.77,23.46,1479542400.0,10.0,6.08
Row,11/19/2016,2.0,15.23,0.11,0.79,22.24,1479546000.0,10.0,5.36
Row,11/19/2016,3.0,13.81,0.11,0.78,21.87,1479549600.0,10.0,6.39
Row,11/19/2016,4.0,15.33,0.11,0.8,21.18,1479553200.0,10.0,4.19
Row,11/19/2016,5.0,14.59,0.11,0.81,20.99,1479556800.0,10.0,4.61
Row,11/19/2016,6.0,16.0,0.16,0.78,21.54,1479560400.0,10.0,4.0
Row,11/19/2016,7.0,14.97,0.16,0.79,21.34,1479564000.0,10.0,4.63
Row,11/19/2016,8.0,19.48,0.21,0.76,25.21,1479567600.0,10.0,4.65
Row,11/19/2016,9.0,23.87,0.07,0.68,29.42,1479571200.0,10.0,5.19
Row,11/19/2016,10.0,28.05,0.07,0.62,32.83,1479574800.0,10.0,5.0
Row,11/19/2016,11.0,33.68,0.16,0.55,36.34,1479578400.0,9.88,3.45
Row,11/19/2016,12.0,36.47,0.07,0.52,38.92,1479582000.0,10.0,3.6
Row,11/19/2016,13.0,38.97,0.07,0.49,41.54,1479585600.0,10.0,4.15
Row,11/19/2016,14.0,44.14,0.16,0.46,44.14,1479589200.0,10.0,1.33
Row,11/19/2016,15.0,44.8,0.0,0.45,44.8,1479592800.0,10.0,1.04
Row,11/19/2016,16.0,41.94,0.07,0.5,43.27,1479596400.0,10.0,3.12
Row,11/19/2016,17.0,38.49,0.18,0.6,38.49,1479600000.0,10.0,2.88
Row,11/19/2016,18.0,34.84,0.0,0.7,34.84,1479603600.0,10.0,0.91
Row,11/19/2016,19.0,32.99,0.0,0.73,32.99,1479607200.0,10.0,2.93
Row,11/19/2016,20.0,30.0,0.05,0.75,32.82,1479610800.0,10.0,3.19
Row,11/19/2016,21.0,28.11,0.0,0.75,32.17,1479614400.0,10.0,4.16
Row,11/19/2016,22.0,29.46,0.0,0.71,35.22,1479618000.0,9.84,6.86
Row,11/19/2016,23.0,33.39,0.09,0.62,38.3,1479621600.0,9.74,6.52
Row,11/2/2016,0.0,40.86,0.26,0.51,46.62,1478066400.0,10.0,13.03
Row,11/2/2016,1.0,38.3,0.22,0.54,44.45,1478070000.0,9.61,12.44
Row,11/2/2016,2.0,37.02,0.15,0.61,42.82,1478073600.0,9.46,10.29
Row,11/2/2016,3.0,36.56,0.19,0.66,41.57,1478077200.0,9.84,7.9
Row,11/2/2016,4.0,36.46,0.18,0.7,41.14,1478080800.0,9.66,7.08
Row,11/2/2016,5.0,37.2,0.12,0.72,41.1,1478084400.0,9.6,5.79
Row,11/2/2016,6.0,37.95,0.21,0.71,41.52,1478088000.0,9.59,5.44
Row,11/2/2016,7.0,39.18,0.12,0.7,41.86,1478091600.0,9.6,4.33
Row,11/2/2016,8.0,39.17,0.12,0.72,42.35,1478095200.0,10.0,5.09
Row,11/2/2016,9.0,42.13,0.14,0.68,44.51,1478098800.0,10.0,4.51
Row,11/2/2016,10.0,45.99,0.14,0.57,48.45,1478102400.0,10.0,5.7
Row,11/2/2016,11.0,52.05,0.13,0.48,52.05,1478106000.0,10.0,4.41
Row,11/2/2016,12.0,53.9,0.2,0.43,53.9,1478109600.0,9.84,5.41
Row,11/2/2016,13.0,55.24,0.19,0.4,55.24,1478113200.0,10.0,2.41
Row,11/2/2016,14.0,56.09,0.18,0.39,56.09,1478116800.0,9.58,4.22
Row,11/2/2016,15.0,57.51,0.19,0.36,57.51,1478120400.0,10.0,3.0
Row,11/2/2016,16.0,57.36,0.19,0.35,57.36,1478124000.0,10.0,3.2
Row,11/2/2016,17.0,56.06,0.19,0.36,56.06,1478127600.0,9.59,4.23
Row,11/2/2016,18.0,51.55,0.2,0.43,51.55,1478131200.0,9.56,2.83
Row,11/2/2016,19.0,48.63,0.2,0.48,48.63,1478134800.0,9.93,0.9
Row,11/2/2016,20.0,46.4,0.17,0.52,46.4,1478138400.0,9.7,2.68
Row,11/2/2016,21.0,41.4,0.17,0.56,43.66,1478142000.0,9.77,4.17
Row,11/2/2016,22.0,39.72,0.16,0.6,42.43,1478145600.0,9.82,4.48
Row,11/2/2016,23.0,38.48,0.08,0.63,41.28,1478149200.0,9.73,4.36
Row,11/20/2016,0.0,37.54,0.0,0.48,41.77,1479625200.0,9.84,6.53
Row,11/20/2016,1.0,39.84,0.0,0.41,45.06,1479628800.0,10.0,10.19
Row,11/20/2016,2.0,41.0,0.09,0.41,44.61,1479632400.0,10.0,6.43
Row,11/20/2016,3.0,41.06,0.0,0.43,44.28,1479636000.0,10.0,5.66
Row,11/20/2016,4.0,41.84,0.0,0.42,44.73,1479639600.0,9.88,5.27
Row,11/20/2016,5.0,38.85,0.09,0.45,42.9,1479643200.0,10.0,6.61
Row,11/20/2016,6.0,38.54,0.0,0.51,41.22,1479646800.0,10.0,4.21
Row,11/20/2016,7.0,41.09,0.0,0.51,41.09,1479650400.0,9.9,2.27
Row,11/20/2016,8.0,42.74,0.12,0.5,43.92,1479654000.0,10.0,3.06
Row,11/20/2016,9.0,50.83,0.0,0.41,50.83,1479657600.0,10.0,4.76
Row,11/20/2016,10.0,55.77,0.0,0.33,55.77,1479661200.0,10.0,3.51
Row,11/20/2016,11.0,58.43,0.05,0.3,58.43,1479664800.0,10.0,2.59
Row,11/20/2016,12.0,61.22,0.0,0.26,61.22,1479668400.0,10.0,3.13
Row,11/20/2016,13.0,63.1,0.0,0.23,63.1,1479672000.0,10.0,3.44
Row,11/20/2016,14.0,63.01,0.22,0.23,63.01,1479675600.0,10.0,3.1
Row,11/20/2016,15.0,61.98,0.0,0.25,61.98,1479679200.0,10.0,0.16
Row,11/20/2016,16.0,58.61,0.0,0.29,58.61,1479682800.0,10.0,0.99
Row,11/20/2016,17.0,53.54,0.17,0.35,53.54,1479686400.0,10.0,1.68
Row,11/20/2016,18.0,50.36,0.0,0.4,50.36,1479690000.0,10.0,3.17
Row,11/20/2016,19.0,45.56,0.0,0.47,46.51,1479693600.0,9.84,3.18
Row,11/20/2016,20.0,44.53,0.2,0.46,46.29,1479697200.0,10.0,4.07
Row,11/20/2016,21.0,42.71,0.0,0.45,46.19,1479700800.0,10.0,6.76
Row,11/20/2016,22.0,41.14,0.0,0.48,44.21,1479704400.0,10.0,5.41
Row,11/20/2016,23.0,39.89,0.17,0.46,44.45,1479708000.0,10.0,8.26
Row,11/21/2016,0.0,38.18,0.0,0.48,43.17,1479711600.0,10.0,8.59
Row,11/21/2016,1.0,36.69,0.0,0.5,41.92,1479715200.0,10.0,8.48
Row,11/21/2016,2.0,38.78,0.1,0.52,42.34,1479718800.0,10.0,5.64
Row,11/21/2016,3.0,37.06,0.0,0.54,41.51,1479722400.0,10.0,6.83
Row,11/21/2016,4.0,38.09,0.0,0.54,42.05,1479726000.0,10.0,6.17
Row,11/21/2016,5.0,36.67,0.1,0.57,40.88,1479729600.0,10.0,6.21
Row,11/21/2016,6.0,37.48,0.0,0.58,40.75,1479733200.0,10.0,4.84
Row,11/21/2016,7.0,39.65,0.0,0.58,41.67,1479736800.0,10.0,3.58
Row,11/21/2016,8.0,40.31,0.22,0.58,42.83,1479740400.0,10.0,4.32
Row,11/21/2016,9.0,44.48,0.0,0.53,46.49,1479744000.0,10.0,4.44
Row,11/21/2016,10.0,52.68,0.0,0.41,52.68,1479747600.0,10.0,4.37
Row,11/21/2016,11.0,56.44,0.21,0.35,56.44,1479751200.0,10.0,4.67
Row,11/21/2016,12.0,59.29,0.0,0.31,59.29,1479754800.0,10.0,2.18
Row,11/21/2016,13.0,60.28,0.0,0.29,60.28,1479758400.0,10.0,3.95
Row,11/21/2016,14.0,60.6,0.07,0.28,60.6,1479762000.0,10.0,4.84
Row,11/21/2016,15.0,59.65,0.0,0.29,59.65,1479765600.0,10.0,6.54
Row,11/21/2016,16.0,54.92,0.0,0.36,54.92,1479769200.0,10.0,6.59
Row,11/21/2016,17.0,50.26,0.18,0.43,50.26,1479772800.0,9.6,6.12
Row,11/21/2016,18.0,47.17,0.0,0.47,48.61,1479776400.0,9.59,4.13
Row,11/21/2016,19.0,46.82,0.0,0.53,46.82,1479780000.0,9.52,2.33
Row,11/21/2016,20.0,42.23,0.18,0.58,45.44,1479783600.0,9.59,6.02
Row,11/21/2016,21.0,40.1,0.0,0.63,44.22,1479787200.0,9.43,7.24
Row,11/21/2016,22.0,39.58,0.0,0.64,44.02,1479790800.0,9.29,7.81
Row,11/21/2016,23.0,38.15,0.21,0.67,42.57,1479794400.0,9.31,7.17
Row,11/22/2016,0.0,36.22,0.0,0.73,41.2,1479798000.0,9.31,7.67
Row,11/22/2016,1.0,35.5,0.0,0.74,40.61,1479801600.0,9.15,7.68
Row,11/22/2016,2.0,34.8,1.0,0.75,41.19,1479805200.0,9.31,10.77
Row,11/22/2016,3.0,33.9,1.0,0.8,40.62,1479808800.0,9.39,11.24
Row,11/22/2016,4.0,32.81,1.0,0.86,39.65,1479812400.0,9.16,10.95
Row,11/22/2016,5.0,30.05,1.0,0.9,37.97,1479816000.0,9.16,12.63
Row,11/22/2016,6.0,27.6,1.0,0.9,36.52,1479819600.0,8.63,14.34
Row,11/22/2016,7.0,24.53,1.0,0.91,34.41,1479823200.0,4.67,15.42
Row,11/22/2016,8.0,24.15,0.72,0.89,33.5,1479826800.0,4.07,13.26
Row,11/22/2016,9.0,25.5,0.0,0.86,34.43,1479830400.0,4.67,12.82
Row,11/22/2016,10.0,26.77,0.0,0.83,35.31,1479834000.0,6.83,12.44
Row,11/22/2016,11.0,27.79,0.51,0.81,36.35,1479837600.0,7.41,13.21
Row,11/22/2016,12.0,28.7,0.0,0.77,37.11,1479841200.0,9.33,13.36
Row,11/22/2016,13.0,29.04,0.0,0.75,37.91,1479844800.0,9.9,15.37
Row,11/22/2016,14.0,30.3,0.28,0.71,38.64,1479848400.0,10.0,14.35
Row,11/22/2016,15.0,32.47,0.0,0.67,39.39,1479852000.0,10.0,10.99
Row,11/22/2016,16.0,30.77,0.0,0.7,37.39,1479855600.0,10.0,9.24
Row,11/22/2016,17.0,30.45,0.0,0.73,36.2,1479859200.0,10.0,7.17
Row,11/22/2016,18.0,29.56,0.0,0.76,35.1,1479862800.0,10.0,6.5
Row,11/22/2016,19.0,29.76,0.16,0.76,33.49,1479866400.0,10.0,4.03
Row,11/22/2016,20.0,32.82,0.11,0.76,32.82,1479870000.0,10.0,2.94
Row,11/22/2016,21.0,31.09,0.17,0.8,31.09,1479873600.0,10.0,1.11
Row,11/22/2016,22.0,30.93,0.14,0.8,30.93,1479877200.0,10.0,1.91
Row,11/22/2016,23.0,30.29,0.12,0.82,30.29,1479880800.0,10.0,1.86
Row,11/23/2016,0.0,24.15,0.11,0.85,28.32,1479884400.0,10.0,3.74
Row,11/23/2016,1.0,22.37,0.07,0.85,27.73,1479888000.0,10.0,4.7
Row,11/23/2016,2.0,21.46,0.07,0.85,26.83,1479891600.0,10.0,4.56
Row,11/23/2016,3.0,20.63,0.05,0.84,26.23,1479895200.0,9.83,4.69
Row,11/23/2016,4.0,21.62,0.02,0.84,26.64,1479898800.0,9.75,4.22
Row,11/23/2016,5.0,19.31,0.07,0.85,25.58,1479902400.0,9.75,5.22
Row,11/23/2016,6.0,18.87,0.13,0.88,25.14,1479906000.0,9.9,5.14
Row,11/23/2016,7.0,18.44,0.18,0.85,25.25,1479909600.0,9.82,5.72
Row,11/23/2016,8.0,24.92,0.18,0.85,28.68,1479913200.0,9.84,3.46
Row,11/23/2016,9.0,28.14,0.17,0.78,33.08,1479916800.0,10.0,5.24
Row,11/23/2016,10.0,32.95,0.17,0.67,37.0,1479920400.0,10.0,5.0
Row,11/23/2016,11.0,37.74,0.16,0.59,39.98,1479924000.0,10.0,3.55
Row,11/23/2016,12.0,39.25,0.16,0.54,42.25,1479927600.0,10.0,4.83
Row,11/23/2016,13.0,41.58,0.16,0.49,43.73,1479931200.0,10.0,4.06
Row,11/23/2016,14.0,44.84,0.17,0.48,44.84,1479934800.0,10.0,2.37
Row,11/23/2016,15.0,45.35,0.17,0.47,45.35,1479938400.0,10.0,1.47
Row,11/23/2016,16.0,42.88,0.16,0.51,42.88,1479942000.0,10.0,1.8
Row,11/23/2016,17.0,35.13,0.17,0.62,37.41,1479945600.0,10.0,3.25
Row,11/23/2016,18.0,35.33,0.18,0.69,35.33,1479949200.0,10.0,2.91
Row,11/23/2016,19.0,30.78,0.15,0.74,33.85,1479952800.0,10.0,3.5
Row,11/23/2016,20.0,29.32,0.05,0.74,32.84,1479956400.0,10.0,3.75
Row,11/23/2016,21.0,27.38,0.07,0.76,31.7,1479960000.0,10.0,4.32
Row,11/23/2016,22.0,25.89,0.04,0.81,30.09,1479963600.0,9.75,3.98
Row,11/23/2016,23.0,24.86,0.04,0.79,30.0,1479967200.0,9.88,4.85
Row,11/24/2016,0.0,23.26,0.04,0.81,29.27,1479970800.0,9.93,5.67
Row,11/24/2016,1.0,23.81,0.08,0.78,30.07,1479974400.0,10.0,6.15
Row,11/24/2016,2.0,23.8,0.03,0.77,29.51,1479978000.0,9.66,5.37
Row,11/24/2016,3.0,25.19,0.07,0.74,30.01,1479981600.0,9.59,4.55
Row,11/24/2016,4.0,23.3,0.08,0.68,31.57,1479985200.0,9.6,9.8
Row,11/24/2016,5.0,24.36,0.16,0.63,31.77,1479988800.0,9.51,8.34
Row,11/24/2016,6.0,23.75,0.12,0.51,33.27,1479992400.0,9.56,13.56
Row,11/24/2016,7.0,21.25,0.09,0.47,32.92,1479996000.0,9.56,19.79
Row,11/24/2016,8.0,24.5,0.18,0.39,34.76,1479999600.0,9.59,16.91
Row,11/24/2016,9.0,27.94,0.18,0.3,37.83,1480003200.0,9.59,18.79
Row,11/24/2016,10.0,31.67,0.18,0.26,40.01,1480006800.0,9.62,15.57
Row,11/24/2016,11.0,34.27,0.19,0.23,41.91,1480010400.0,9.61,15.04
Row,11/24/2016,12.0,36.59,0.18,0.22,42.73,1480014000.0,9.63,11.12
Row,11/24/2016,13.0,38.97,0.17,0.21,43.92,1480017600.0,9.67,8.86
Row,11/24/2016,14.0,40.91,0.17,0.19,44.24,1480021200.0,9.75,5.83
Row,11/24/2016,15.0,40.7,0.13,0.2,43.54,1480024800.0,9.88,4.9
Row,11/24/2016,16.0,41.1,0.01,0.23,41.1,1480028400.0,10.0,2.34
Row,11/24/2016,17.0,35.06,0.0,0.33,35.06,1480032000.0,10.0,2.55
Row,11/24/2016,18.0,27.62,0.0,0.41,31.43,1480035600.0,10.0,3.83
Row,11/24/2016,19.0,24.14,0.0,0.48,29.15,1480039200.0,10.0,4.59
Row,11/24/2016,20.0,22.39,0.01,0.52,28.64,1480042800.0,10.0,5.8
Row,11/24/2016,21.0,21.09,0.0,0.57,28.13,1480046400.0,10.0,6.65
Row,11/24/2016,22.0,20.62,0.0,0.6,27.55,1480050000.0,10.0,6.38
Row,11/24/2016,23.0,21.67,0.0,0.61,27.54,1480053600.0,10.0,5.18
Row,11/25/2016,0.0,21.01,0.0,0.64,25.79,1480057200.0,10.0,3.91
Row,11/25/2016,1.0,19.66,0.01,0.63,25.78,1480060800.0,10.0,5.11
Row,11/25/2016,2.0,20.39,0.01,0.64,24.98,1480064400.0,10.0,3.68
Row,11/25/2016,3.0,20.52,0.01,0.64,25.43,1480068000.0,10.0,3.97
Row,11/25/2016,4.0,20.57,0.0,0.6,25.62,1480071600.0,10.0,4.11
Row,11/25/2016,5.0,18.39,0.0,0.57,24.87,1480075200.0,10.0,5.31
Row,11/25/2016,6.0,17.18,0.0,0.58,23.99,1480078800.0,10.0,5.48
Row,11/25/2016,7.0,19.86,0.04,0.54,25.54,1480082400.0,10.0,4.65
Row,11/25/2016,8.0,26.5,0.11,0.47,31.08,1480086000.0,10.0,4.48
Row,11/25/2016,9.0,32.8,0.11,0.39,37.1,1480089600.0,10.0,5.32
Row,11/25/2016,10.0,39.49,0.11,0.28,43.47,1480093200.0,10.0,6.7
Row,11/25/2016,11.0,46.88,0.17,0.2,49.38,1480096800.0,10.0,6.1
Row,11/25/2016,12.0,53.0,0.17,0.18,53.0,1480100400.0,10.0,5.5
Row,11/25/2016,13.0,56.0,0.17,0.15,56.0,1480104000.0,10.0,6.36
Row,11/25/2016,14.0,57.18,0.17,0.13,57.18,1480107600.0,10.0,6.18
Row,11/25/2016,15.0,56.86,0.17,0.13,56.86,1480111200.0,10.0,5.04
Row,11/25/2016,16.0,50.57,0.17,0.21,50.57,1480114800.0,10.0,3.1
Row,11/25/2016,17.0,40.36,0.17,0.31,42.73,1480118400.0,10.0,4.13
Row,11/25/2016,18.0,35.27,0.18,0.35,40.11,1480122000.0,10.0,7.0
Row,11/25/2016,19.0,33.05,0.18,0.38,38.03,1480125600.0,10.0,6.55
Row,11/25/2016,20.0,29.76,0.18,0.42,35.09,1480129200.0,10.0,6.21
Row,11/25/2016,21.0,29.58,0.18,0.4,34.41,1480132800.0,10.0,5.38
Row,11/25/2016,22.0,27.95,0.11,0.37,33.96,1480136400.0,10.0,6.86
Row,11/25/2016,23.0,28.93,0.11,0.35,35.16,1480140000.0,10.0,7.6
Row,11/26/2016,0.0,29.87,0.11,0.32,34.6,1480143600.0,10.0,5.31
Row,11/26/2016,1.0,27.42,0.12,0.36,32.75,1480147200.0,10.0,5.63
Row,11/26/2016,2.0,26.62,0.12,0.37,32.01,1480150800.0,10.0,5.54
Row,11/26/2016,3.0,27.99,0.12,0.37,33.35,1480154400.0,10.0,5.81
Row,11/26/2016,4.0,28.34,0.06,0.33,32.53,1480158000.0,10.0,4.33
Row,11/26/2016,5.0,28.59,0.09,0.33,33.29,1480161600.0,10.0,5.01
Row,11/26/2016,6.0,29.87,0.07,0.31,34.33,1480165200.0,10.0,4.93
Row,11/26/2016,7.0,28.76,0.0,0.34,33.78,1480168800.0,10.0,5.48
Row,11/26/2016,8.0,32.77,0.12,0.31,35.61,1480172400.0,10.0,3.52
Row,11/26/2016,9.0,40.73,0.0,0.28,40.73,1480176000.0,10.0,2.91
Row,11/26/2016,10.0,46.03,0.0,0.18,47.98,1480179600.0,10.0,4.72
Row,11/26/2016,11.0,51.69,0.17,0.15,51.69,1480183200.0,10.0,3.72
Row,11/26/2016,12.0,54.03,0.16,0.12,54.03,1480186800.0,10.0,4.47
Row,11/26/2016,13.0,56.25,0.17,0.11,56.25,1480190400.0,10.0,5.74
Row,11/26/2016,14.0,56.03,0.17,0.11,56.03,1480194000.0,10.0,6.59
Row,11/26/2016,15.0,54.88,0.17,0.11,54.88,1480197600.0,10.0,8.81
Row,11/26/2016,16.0,50.48,0.17,0.14,50.48,1480201200.0,10.0,7.19
Row,11/26/2016,17.0,37.33,0.12,0.21,41.43,1480204800.0,10.0,6.21
Row,11/26/2016,18.0,34.26,0.1,0.24,40.13,1480208400.0,10.0,8.99
Row,11/26/2016,19.0,34.17,0.07,0.25,39.84,1480212000.0,9.93,8.43
Row,11/26/2016,20.0,32.95,0.16,0.29,38.58,1480215600.0,10.0,7.83
Row,11/26/2016,21.0,32.59,0.07,0.3,38.24,1480219200.0,10.0,7.74
Row,11/26/2016,22.0,32.27,0.03,0.32,37.93,1480222800.0,10.0,7.63
Row,11/26/2016,23.0,35.03,0.14,0.29,39.52,1480226400.0,10.0,6.24
Row,11/27/2016,0.0,35.34,0.08,0.27,40.29,1480230000.0,10.0,7.25
Row,11/27/2016,1.0,31.85,0.02,0.34,37.67,1480233600.0,10.0,7.83
Row,11/27/2016,2.0,31.0,0.15,0.39,35.94,1480237200.0,10.0,5.9
Row,11/27/2016,3.0,31.15,0.19,0.41,35.55,1480240800.0,10.0,5.12
Row,11/27/2016,4.0,32.7,0.05,0.42,35.58,1480244400.0,10.0,3.55
Row,11/27/2016,5.0,31.88,0.16,0.44,35.31,1480248000.0,10.0,4.03
Row,11/27/2016,6.0,28.4,0.15,0.48,32.27,1480251600.0,9.29,3.99
Row,11/27/2016,7.0,28.0,0.19,0.49,31.41,1480255200.0,9.37,3.49
Row,11/27/2016,8.0,27.65,0.42,0.44,35.15,1480258800.0,9.33,9.96
Row,11/27/2016,9.0,32.12,0.21,0.5,37.66,1480262400.0,8.37,7.32
Row,11/27/2016,10.0,40.08,0.18,0.54,40.08,1480266000.0,9.33,2.71
Row,11/27/2016,11.0,38.39,0.3,0.48,42.12,1480269600.0,9.59,5.83
Row,11/27/2016,12.0,39.45,0.0,0.37,44.35,1480273200.0,9.6,8.99
Row,11/27/2016,13.0,38.14,0.09,0.31,45.08,1480276800.0,9.6,15.77
Row,11/27/2016,14.0,37.05,0.17,0.29,44.01,1480280400.0,9.62,14.73
Row,11/27/2016,15.0,35.54,0.05,0.29,43.14,1480284000.0,9.59,16.17
Row,11/27/2016,16.0,33.78,0.05,0.31,41.61,1480287600.0,9.59,15.37
Row,11/27/2016,17.0,31.79,0.15,0.31,39.7,1480291200.0,9.59,13.94
Row,11/27/2016,18.0,29.13,0.0,0.33,38.32,1480294800.0,9.59,16.81
Row,11/27/2016,19.0,28.72,0.05,0.37,36.45,1480298400.0,9.59,11.18
Row,11/27/2016,20.0,29.01,0.17,0.37,36.36,1480302000.0,9.59,10.27
Row,11/27/2016,21.0,29.55,0.05,0.35,36.16,1480305600.0,9.59,8.65
Row,11/27/2016,22.0,27.28,0.03,0.35,35.72,1480309200.0,9.59,12.46
Row,11/27/2016,23.0,27.81,0.16,0.33,36.01,1480312800.0,9.59,12.05
Row,11/28/2016,0.0,27.14,0.07,0.34,35.27,1480316400.0,9.59,11.4
Row,11/28/2016,1.0,25.96,0.12,0.34,34.68,1480320000.0,9.6,12.46
Row,11/28/2016,2.0,26.58,0.12,0.35,34.53,1480323600.0,9.59,10.59
Row,11/28/2016,3.0,26.17,0.02,0.36,33.58,1480327200.0,9.59,9.05
Row,11/28/2016,4.0,25.89,0.0,0.36,32.56,1480330800.0,9.6,7.43
Row,11/28/2016,5.0,23.75,0.1,0.37,31.6,1480334400.0,9.6,9.03
Row,11/28/2016,6.0,22.81,0.12,0.37,30.53,1480338000.0,9.59,8.4
Row,11/28/2016,7.0,22.18,0.12,0.39,29.92,1480341600.0,9.61,8.22
Row,11/28/2016,8.0,25.91,0.13,0.35,33.32,1480345200.0,9.59,8.96
Row,11/28/2016,9.0,28.55,0.08,0.31,35.19,1480348800.0,9.55,8.32
Row,11/28/2016,10.0,28.15,0.03,0.26,37.02,1480352400.0,9.59,14.61
Row,11/28/2016,11.0,29.79,0.21,0.25,37.87,1480356000.0,9.57,13.01
Row,11/28/2016,12.0,30.95,0.03,0.22,38.77,1480359600.0,9.57,12.93
Row,11/28/2016,13.0,31.85,0.26,0.21,39.97,1480363200.0,9.57,14.84
Row,11/28/2016,14.0,30.99,0.39,0.22,38.91,1480366800.0,9.57,13.35
Row,11/28/2016,15.0,31.7,0.11,0.25,38.18,1480370400.0,9.59,9.31
Row,11/28/2016,16.0,32.38,0.25,0.26,36.73,1480374000.0,9.39,5.3
Row,11/28/2016,17.0,28.05,0.36,0.34,33.92,1480377600.0,9.4,6.64
Row,11/28/2016,18.0,25.6,0.21,0.38,32.85,1480381200.0,9.44,8.49
Row,11/28/2016,19.0,24.25,0.16,0.42,31.55,1480384800.0,9.42,8.08
Row,11/28/2016,20.0,25.28,0.21,0.46,30.33,1480388400.0,9.44,4.83
Row,11/28/2016,21.0,24.91,0.09,0.5,28.8,1480392000.0,9.83,3.57
Row,11/28/2016,22.0,23.58,0.11,0.54,27.31,1480395600.0,9.83,3.3
Row,11/28/2016,23.0,21.17,0.17,0.57,25.29,1480399200.0,9.83,3.36
Row,11/29/2016,0.0,19.5,0.09,0.58,24.78,1480402800.0,9.83,4.19
Row,11/29/2016,1.0,18.25,0.11,0.58,23.96,1480406400.0,9.83,4.44
Row,11/29/2016,2.0,18.04,0.11,0.57,23.63,1480410000.0,9.83,4.3
Row,11/29/2016,3.0,15.32,0.12,0.62,21.49,1480413600.0,9.83,4.49
Row,11/29/2016,4.0,15.22,0.15,0.59,21.88,1480417200.0,9.83,4.97
Row,11/29/2016,5.0,14.73,0.2,0.58,22.02,1480420800.0,9.83,5.59
Row,11/29/2016,6.0,14.67,0.14,0.57,22.3,1480424400.0,9.82,6.02
Row,11/29/2016,7.0,16.21,0.13,0.53,24.32,1480428000.0,9.79,7.05
Row,11/29/2016,8.0,20.88,0.26,0.51,26.19,1480431600.0,9.66,4.41
Row,11/29/2016,9.0,22.15,0.08,0.43,29.91,1480435200.0,9.79,8.24
Row,11/29/2016,10.0,25.32,0.0,0.33,32.34,1480438800.0,9.79,7.91
Row,11/29/2016,11.0,24.87,0.35,0.34,32.92,1480442400.0,9.66,9.98
Row,11/29/2016,12.0,25.77,0.15,0.33,33.53,1480446000.0,9.78,9.7
Row,11/29/2016,13.0,27.3,0.04,0.3,34.78,1480449600.0,9.78,9.73
Row,11/29/2016,14.0,26.13,0.25,0.29,35.13,1480453200.0,9.76,13.51
Row,11/29/2016,15.0,24.55,0.09,0.28,33.69,1480456800.0,9.78,12.88
Row,11/29/2016,16.0,23.11,0.0,0.29,32.36,1480460400.0,9.79,12.29
Row,11/29/2016,17.0,21.44,0.36,0.32,30.29,1480464000.0,9.83,10.32
Row,11/29/2016,18.0,19.53,0.04,0.36,28.26,1480467600.0,9.83,9.22
Row,11/29/2016,19.0,19.13,0.0,0.38,26.89,1480471200.0,9.83,7.29
Row,11/29/2016,20.0,18.59,0.15,0.42,25.03,1480474800.0,9.82,5.29
Row,11/29/2016,21.0,23.25,0.0,0.45,23.25,1480478400.0,9.82,2.67
Row,11/29/2016,22.0,21.92,0.1,0.49,21.92,1480482000.0,9.83,2.65
Row,11/29/2016,23.0,21.56,0.08,0.51,21.56,1480485600.0,9.83,1.15
Row,11/3/2016,0.0,37.32,0.0,0.66,39.62,1478152800.0,9.73,3.55
Row,11/3/2016,1.0,35.38,0.01,0.68,39.39,1478156400.0,9.84,5.5
Row,11/3/2016,2.0,37.19,0.0,0.68,39.18,1478160000.0,9.84,3.21
Row,11/3/2016,3.0,39.05,0.0,0.69,39.05,1478163600.0,9.84,2.92
Row,11/3/2016,4.0,34.86,0.01,0.72,37.36,1478167200.0,9.84,3.44
Row,11/3/2016,5.0,34.63,0.0,0.72,36.92,1478170800.0,9.73,3.2
Row,11/3/2016,6.0,32.83,0.0,0.74,36.5,1478174400.0,10.0,4.46
Row,11/3/2016,7.0,32.49,0.0,0.75,35.35,1478178000.0,10.0,3.5
Row,11/3/2016,8.0,35.14,0.0,0.7,37.71,1478181600.0,10.0,3.55
Row,11/3/2016,9.0,45.07,0.04,0.57,45.07,1478185200.0,9.84,1.6
Row,11/3/2016,10.0,50.94,0.07,0.44,50.94,1478188800.0,9.82,2.83
Row,11/3/2016,11.0,56.02,0.07,0.35,56.02,1478192400.0,9.82,3.61
Row,11/3/2016,12.0,60.08,0.07,0.3,60.08,1478196000.0,10.0,4.18
Row,11/3/2016,13.0,62.7,0.07,0.24,62.7,1478199600.0,10.0,5.02
Row,11/3/2016,14.0,64.69,0.07,0.21,64.69,1478203200.0,10.0,2.39
Row,11/3/2016,15.0,65.34,0.04,0.18,65.34,1478206800.0,9.84,2.8
Row,11/3/2016,16.0,64.51,0.05,0.18,64.51,1478210400.0,10.0,3.61
Row,11/3/2016,17.0,62.09,0.0,0.19,62.09,1478214000.0,9.73,4.31
Row,11/3/2016,18.0,54.99,0.0,0.24,54.99,1478217600.0,9.84,3.72
Row,11/3/2016,19.0,50.66,0.0,0.28,50.66,1478221200.0,10.0,1.87
Row,11/3/2016,20.0,46.2,0.0,0.31,47.82,1478224800.0,10.0,4.21
Row,11/3/2016,21.0,41.75,0.0,0.36,45.03,1478228400.0,10.0,6.01
Row,11/3/2016,22.0,43.32,0.0,0.4,43.32,1478232000.0,9.82,2.89
Row,11/3/2016,23.0,41.01,0.0,0.45,41.01,1478235600.0,9.84,2.9
Row,11/30/2016,0.0,19.39,0.08,0.56,19.39,1480489200.0,9.83,2.86
Row,11/30/2016,1.0,18.77,0.11,0.56,18.77,1480492800.0,9.83,2.15
Row,11/30/2016,2.0,12.67,0.11,0.58,17.81,1480496400.0,9.83,3.35
Row,11/30/2016,3.0,9.97,0.11,0.62,16.64,1480500000.0,9.83,4.26
Row,11/30/2016,4.0,10.66,0.11,0.62,16.42,1480503600.0,9.83,3.61
Row,11/30/2016,5.0,15.36,0.11,0.63,15.36,1480507200.0,9.83,2.89
Row,11/30/2016,6.0,10.56,0.12,0.58,15.82,1480510800.0,9.82,3.26
Row,11/30/2016,7.0,8.03,0.09,0.6,14.52,1480514400.0,9.7,3.9
Row,11/30/2016,8.0,15.64,0.14,0.52,20.29,1480518000.0,9.76,3.26
Row,11/30/2016,9.0,26.01,0.16,0.41,26.01,1480521600.0,9.72,2.9
Row,11/30/2016,10.0,30.58,0.18,0.32,30.58,1480525200.0,9.66,2.58
Row,11/30/2016,11.0,32.98,0.18,0.27,32.98,1480528800.0,9.66,2.92
Row,11/30/2016,12.0,34.06,0.17,0.23,34.06,1480532400.0,9.74,2.99
Row,11/30/2016,13.0,35.31,0.18,0.2,35.31,1480536000.0,10.0,1.49
Row,11/30/2016,14.0,32.35,0.18,0.2,35.49,1480539600.0,10.0,3.77
Row,11/30/2016,15.0,30.81,0.18,0.2,35.5,1480543200.0,10.0,5.46
Row,11/30/2016,16.0,26.77,0.17,0.24,32.55,1480546800.0,10.0,6.15
Row,11/30/2016,17.0,28.07,0.19,0.32,28.07,1480550400.0,10.0,2.96
Row,11/30/2016,18.0,23.8,0.13,0.36,23.8,1480554000.0,10.0,1.34
Row,11/30/2016,19.0,22.13,0.13,0.42,22.13,1480557600.0,10.0,0.94
Row,11/30/2016,20.0,20.09,0.13,0.46,20.09,1480561200.0,9.87,2.19
Row,11/30/2016,21.0,14.44,0.13,0.46,19.73,1480564800.0,10.0,3.62
Row,11/30/2016,22.0,15.8,0.09,0.45,20.42,1480568400.0,10.0,3.26
Row,11/30/2016,23.0,18.87,0.09,0.49,18.87,1480572000.0,9.82,2.41
Row,11/4/2016,0.0,39.01,0.0,0.45,40.99,1478239200.0,9.84,3.44
Row,11/4/2016,1.0,35.36,0.0,0.49,38.82,1478242800.0,9.84,4.67
Row,11/4/2016,2.0,36.39,0.0,0.49,38.53,1478246400.0,9.73,3.26
Row,11/4/2016,3.0,37.91,0.04,0.5,37.91,1478250000.0,9.84,2.87
Row,11/4/2016,4.0,34.88,0.04,0.52,37.83,1478253600.0,10.0,3.93
Row,11/4/2016,5.0,34.71,0.07,0.54,37.81,1478257200.0,10.0,4.08
Row,11/4/2016,6.0,36.93,0.07,0.56,36.93,1478260800.0,10.0,2.78
Row,11/4/2016,7.0,34.08,0.17,0.55,37.39,1478264400.0,10.0,4.23
Row,11/4/2016,8.0,37.99,0.17,0.55,37.99,1478268000.0,9.84,1.89
Row,11/4/2016,9.0,44.12,0.16,0.46,44.12,1478271600.0,9.82,1.82
Row,11/4/2016,10.0,48.91,0.13,0.38,49.89,1478275200.0,9.73,3.78
Row,11/4/2016,11.0,55.24,0.13,0.3,55.24,1478278800.0,9.82,4.63
Row,11/4/2016,12.0,61.26,0.17,0.25,61.26,1478282400.0,10.0,8.87
Row,11/4/2016,13.0,64.22,0.16,0.23,64.22,1478286000.0,10.0,8.06
Row,11/4/2016,14.0,64.68,0.16,0.23,64.68,1478289600.0,9.82,7.95
Row,11/4/2016,15.0,66.18,0.18,0.22,66.18,1478293200.0,10.0,6.62
Row,11/4/2016,16.0,66.0,0.17,0.22,66.0,1478296800.0,9.84,6.24
Row,11/4/2016,17.0,62.09,0.15,0.24,62.09,1478300400.0,10.0,7.99
Row,11/4/2016,18.0,56.87,0.17,0.29,56.87,1478304000.0,10.0,3.98
Row,11/4/2016,19.0,51.7,0.18,0.34,51.7,1478307600.0,10.0,4.68
Row,11/4/2016,20.0,50.07,0.18,0.37,50.07,1478311200.0,10.0,4.84
Row,11/4/2016,21.0,46.89,0.18,0.39,49.14,1478314800.0,9.84,5.53
Row,11/4/2016,22.0,44.47,0.16,0.42,47.35,1478318400.0,10.0,6.08
Row,11/4/2016,23.0,44.98,0.12,0.43,47.08,1478322000.0,9.84,4.71
Row,11/5/2016,0.0,42.44,0.11,0.47,44.97,1478325600.0,9.73,4.81
Row,11/5/2016,1.0,43.5,0.11,0.5,43.5,1478329200.0,9.84,2.51
Row,11/5/2016,2.0,42.28,0.11,0.52,42.28,1478332800.0,9.84,2.7
Row,11/5/2016,3.0,42.05,0.12,0.52,42.05,1478336400.0,10.0,2.8
Row,11/5/2016,4.0,40.84,0.11,0.54,40.84,1478340000.0,10.0,2.98
Row,11/5/2016,5.0,39.39,0.03,0.59,39.39,1478343600.0,9.84,1.95
Row,11/5/2016,6.0,40.22,0.14,0.57,40.22,1478347200.0,10.0,2.08
Row,11/5/2016,7.0,40.16,0.09,0.59,40.16,1478350800.0,10.0,2.59
Row,11/5/2016,8.0,40.59,0.1,0.59,40.59,1478354400.0,9.84,1.48
Row,11/5/2016,9.0,46.42,0.19,0.48,46.42,1478358000.0,10.0,2.66
Row,11/5/2016,10.0,52.38,0.09,0.4,52.38,1478361600.0,9.41,1.16
Row,11/5/2016,11.0,55.93,0.04,0.35,55.93,1478365200.0,9.05,2.85
Row,11/5/2016,12.0,59.06,0.25,0.31,59.06,1478368800.0,9.33,3.69
Row,11/5/2016,13.0,60.28,0.17,0.31,60.28,1478372400.0,9.29,3.05
Row,11/5/2016,14.0,60.82,0.14,0.31,60.82,1478376000.0,9.25,5.07
Row,11/5/2016,15.0,61.54,0.33,0.32,61.54,1478379600.0,9.49,2.01
Row,11/5/2016,16.0,61.51,0.1,0.33,61.51,1478383200.0,9.63,1.65
Row,11/5/2016,17.0,60.45,0.24,0.36,60.45,1478386800.0,9.61,3.36
Row,11/5/2016,18.0,56.81,0.26,0.41,56.81,1478390400.0,10.0,4.09
Row,11/5/2016,19.0,52.56,0.26,0.47,52.56,1478394000.0,9.65,1.14
Row,11/5/2016,20.0,48.1,0.14,0.54,49.01,1478397600.0,9.6,3.52
Row,11/5/2016,21.0,46.47,0.1,0.57,48.16,1478401200.0,9.66,4.38
Row,11/5/2016,22.0,44.35,0.16,0.61,45.94,1478404800.0,10.0,3.79
Row,11/5/2016,23.0,43.28,0.12,0.65,45.18,1478408400.0,9.59,4.02
Row,11/6/2016,0.0,42.24,0.11,0.68,43.82,1478412000.0,9.6,3.44
Row,11/6/2016,1.0,39.89,0.11,0.73,42.39,1478415600.0,9.49,4.23
Row,11/6/2016,2.0,41.77,0.12,0.72,41.77,1478419200.0,9.34,2.39
Row,11/6/2016,3.0,37.75,0.12,0.74,40.87,1478422800.0,9.31,4.67
Row,11/6/2016,4.0,37.97,0.13,0.75,40.16,1478426400.0,9.31,3.53
Row,11/6/2016,5.0,37.6,0.13,0.74,40.08,1478430000.0,9.59,3.8
Row,11/6/2016,6.0,36.93,0.11,0.74,39.67,1478433600.0,9.59,4.01
Row,11/6/2016,7.0,35.89,0.15,0.77,38.3,1478437200.0,10.0,3.48
Row,11/6/2016,8.0,37.11,0.17,0.74,39.52,1478440800.0,10.0,3.64
Row,11/6/2016,9.0,42.3,0.22,0.65,44.95,1478444400.0,10.0,4.98
Row,11/6/2016,10.0,51.11,0.17,0.51,51.11,1478448000.0,10.0,1.96
Row,11/6/2016,11.0,56.94,0.14,0.4,56.94,1478451600.0,10.0,2.3
Row,11/6/2016,12.0,60.45,0.15,0.33,60.45,1478455200.0,10.0,3.07
Row,11/6/2016,13.0,61.87,0.11,0.3,61.87,1478458800.0,10.0,3.29
Row,11/6/2016,14.0,63.37,0.12,0.27,63.37,1478462400.0,10.0,3.8
Row,11/6/2016,15.0,63.7,0.18,0.26,63.7,1478466000.0,10.0,4.91
Row,11/6/2016,16.0,62.55,0.21,0.27,62.55,1478469600.0,10.0,5.31
Row,11/6/2016,17.0,60.79,0.21,0.3,60.79,1478473200.0,10.0,4.26
Row,11/6/2016,18.0,55.48,0.18,0.36,55.48,1478476800.0,9.83,4.49
Row,11/6/2016,19.0,51.78,0.21,0.42,51.78,1478480400.0,9.84,1.95
Row,11/6/2016,20.0,48.61,0.19,0.44,49.93,1478484000.0,10.0,4.25
Row,11/6/2016,21.0,46.29,0.19,0.46,48.52,1478487600.0,10.0,5.31
Row,11/6/2016,22.0,43.75,0.17,0.46,46.99,1478491200.0,10.0,6.62
Row,11/6/2016,23.0,41.99,0.11,0.49,44.98,1478494800.0,10.0,5.5
Row,11/6/2016,24.0,39.59,0.11,0.51,43.48,1478498400.0,10.0,6.53
Row,11/7/2016,0.0,39.75,0.11,0.52,42.02,1478502000.0,10.0,3.89
Row,11/7/2016,1.0,39.77,0.11,0.5,42.23,1478505600.0,10.0,4.14
Row,11/7/2016,2.0,39.7,0.11,0.5,41.82,1478509200.0,10.0,3.7
Row,11/7/2016,3.0,40.98,0.08,0.52,40.98,1478512800.0,10.0,1.43
Row,11/7/2016,4.0,41.46,0.07,0.51,41.46,1478516400.0,10.0,2.13
Row,11/7/2016,5.0,40.11,0.11,0.53,40.11,1478520000.0,10.0,1.99
Row,11/7/2016,6.0,37.72,0.17,0.54,39.49,1478523600.0,10.0,3.06
Row,11/7/2016,7.0,38.1,0.2,0.51,41.69,1478527200.0,10.0,5.5
Row,11/7/2016,8.0,43.59,0.18,0.44,46.97,1478530800.0,10.0,6.88
Row,11/7/2016,9.0,52.05,0.18,0.34,52.05,1478534400.0,10.0,7.4
Row,11/7/2016,10.0,54.75,0.18,0.29,54.75,1478538000.0,10.0,7.07
Row,11/7/2016,11.0,56.7,0.18,0.27,56.7,1478541600.0,10.0,6.01
Row,11/7/2016,12.0,57.81,0.19,0.25,57.81,1478545200.0,10.0,6.78
Row,11/7/2016,13.0,58.93,0.19,0.25,58.93,1478548800.0,10.0,7.41
Row,11/7/2016,14.0,59.22,0.18,0.25,59.22,1478552400.0,10.0,6.24
Row,11/7/2016,15.0,58.89,0.17,0.25,58.89,1478556000.0,10.0,5.9
Row,11/7/2016,16.0,57.28,0.18,0.26,57.28,1478559600.0,10.0,6.69
Row,11/7/2016,17.0,50.99,0.17,0.33,50.99,1478563200.0,10.0,3.77
Row,11/7/2016,18.0,43.99,0.17,0.39,44.99,1478566800.0,9.81,3.02
Row,11/7/2016,19.0,42.64,0.14,0.42,44.55,1478570400.0,9.97,3.93
Row,11/7/2016,20.0,40.33,0.14,0.46,42.77,1478574000.0,10.0,4.22
Row,11/7/2016,21.0,37.82,0.14,0.5,40.43,1478577600.0,10.0,3.99
Row,11/7/2016,22.0,35.38,0.04,0.54,39.11,1478581200.0,10.0,5.06
Row,11/7/2016,23.0,35.65,0.0,0.57,37.89,1478584800.0,10.0,3.28
Row,11/8/2016,0.0,34.17,0.01,0.59,36.65,1478588400.0,10.0,3.33
Row,11/8/2016,1.0,36.48,0.0,0.6,36.48,1478592000.0,10.0,1.96
Row,11/8/2016,2.0,35.93,0.01,0.61,35.93,1478595600.0,10.0,2.79
Row,11/8/2016,3.0,34.94,0.0,0.63,34.94,1478599200.0,10.0,1.94
Row,11/8/2016,4.0,32.07,0.0,0.63,34.58,1478602800.0,10.0,3.13
Row,11/8/2016,5.0,31.27,0.0,0.64,34.08,1478606400.0,10.0,3.31
Row,11/8/2016,6.0,32.16,0.05,0.66,32.16,1478610000.0,9.79,2.31
Row,11/8/2016,7.0,34.14,0.17,0.64,34.14,1478613600.0,9.41,2.42
Row,11/8/2016,8.0,40.38,0.17,0.51,41.86,1478617200.0,9.73,3.07
Row,11/8/2016,9.0,47.79,0.17,0.39,48.87,1478620800.0,10.0,3.71
Row,11/8/2016,10.0,53.2,0.17,0.33,53.2,1478624400.0,10.0,0.89
Row,11/8/2016,11.0,57.74,0.17,0.28,57.74,1478628000.0,10.0,2.35
Row,11/8/2016,12.0,59.17,0.17,0.26,59.17,1478631600.0,10.0,0.78
Row,11/8/2016,13.0,60.33,0.07,0.24,60.33,1478635200.0,10.0,2.46
Row,11/8/2016,14.0,60.75,0.12,0.22,60.75,1478638800.0,10.0,3.12
Row,11/8/2016,15.0,60.3,0.0,0.21,60.3,1478642400.0,10.0,1.97
Row,11/8/2016,16.0,58.11,0.0,0.23,58.11,1478646000.0,10.0,2.16
Row,11/8/2016,17.0,52.18,0.12,0.3,52.18,1478649600.0,9.74,2.02
Row,11/8/2016,18.0,47.13,0.1,0.35,47.77,1478653200.0,9.48,3.02
Row,11/8/2016,19.0,43.83,0.14,0.39,45.06,1478656800.0,9.9,3.25
Row,11/8/2016,20.0,41.15,0.16,0.41,43.25,1478660400.0,10.0,3.9
Row,11/8/2016,21.0,39.92,0.13,0.42,42.99,1478664000.0,10.0,5.09
Row,11/8/2016,22.0,37.76,0.04,0.47,40.54,1478667600.0,10.0,4.2
Row,11/8/2016,23.0,36.25,0.04,0.49,39.57,1478671200.0,10.0,4.64
Row,11/9/2016,0.0,36.83,0.0,0.5,39.12,1478674800.0,10.0,3.48
Row,11/9/2016,1.0,38.07,0.0,0.53,38.07,1478678400.0,10.0,2.49
Row,11/9/2016,2.0,37.34,0.0,0.54,37.34,1478682000.0,10.0,2.83
Row,11/9/2016,3.0,35.77,0.0,0.56,35.77,1478685600.0,10.0,1.77
Row,11/9/2016,4.0,32.38,0.0,0.56,35.6,1478689200.0,10.0,3.86
Row,11/9/2016,5.0,33.53,0.0,0.54,35.92,1478692800.0,10.0,3.18
Row,11/9/2016,6.0,35.33,0.0,0.56,35.33,1478696400.0,10.0,2.85
Row,11/9/2016,7.0,34.05,0.0,0.53,36.86,1478700000.0,9.74,3.66
Row,11/9/2016,8.0,43.86,0.0,0.43,43.86,1478703600.0,10.0,2.96
Row,11/9/2016,9.0,51.97,0.07,0.3,51.97,1478707200.0,10.0,4.91
Row,11/9/2016,10.0,57.2,0.07,0.25,57.2,1478710800.0,10.0,4.65
Row,11/9/2016,11.0,61.39,0.07,0.21,61.39,1478714400.0,10.0,2.77
Row,11/9/2016,12.0,64.35,0.07,0.18,64.35,1478718000.0,10.0,2.38
Row,11/9/2016,13.0,66.44,0.07,0.17,66.44,1478721600.0,10.0,3.45
Row,11/9/2016,14.0,67.44,0.08,0.16,67.44,1478725200.0,10.0,2.72
Row,11/9/2016,15.0,68.08,0.07,0.15,68.08,1478728800.0,10.0,3.15
Row,11/9/2016,16.0,64.75,0.07,0.18,64.75,1478732400.0,10.0,2.54
Row,11/9/2016,17.0,54.86,0.08,0.26,54.86,1478736000.0,9.74,0.58
Row,11/9/2016,18.0,51.89,0.0,0.29,51.89,1478739600.0,10.0,1.14
Row,11/9/2016,19.0,47.7,0.0,0.32,48.57,1478743200.0,9.9,3.4
Row,11/9/2016,20.0,45.08,0.0,0.34,46.83,1478746800.0,9.97,4.16
Row,11/9/2016,21.0,43.09,0.0,0.36,45.56,1478750400.0,10.0,4.87
Row,11/9/2016,22.0,41.64,0.0,0.38,43.96,1478754000.0,10.0,4.31
Row,11/9/2016,23.0,41.77,0.0,0.38,43.33,1478757600.0,10.0,3.34
